time,pm2_5,pm10,carbon_monoxide,nitrogen_dioxide,sulphur_dioxide,ozone
2026-07-10 00:00:00,10.3,15.5,245.0,14.2,4.8,33.0
2026-07-10 01:00:00,9.2,14.0,196.0,12.0,4.5,33.0
2026-07-10 02:00:00,8.2,12.4,161.0,10.4,4.3,33.0
2026-07-10 03:00:00,7.6,11.5,143.0,9.7,4.4,32.0
2026-07-10 04:00:00,7.4,11.3,138.0,9.6,4.7,30.0
2026-07-10 05:00:00,6.9,11.1,154.0,8.7,4.5,31.0
2026-07-10 06:00:00,6.7,10.7,212.0,8.9,4.5,31.0
2026-07-10 07:00:00,6.5,11.1,291.0,9.0,4.5,32.0
2026-07-10 08:00:00,7.7,14.5,335.0,8.6,4.3,36.0
2026-07-10 09:00:00,6.7,12.1,307.0,7.0,3.9,45.0
2026-07-10 10:00:00,6.8,13.0,245.0,4.8,3.3,57.0
2026-07-10 11:00:00,7.0,14.0,205.0,3.2,2.9,67.0
2026-07-10 12:00:00,7.2,14.5,195.0,2.4,2.6,74.0
2026-07-10 13:00:00,7.7,15.4,208.0,2.3,2.4,80.0
2026-07-10 14:00:00,7.8,16.1,271.0,3.7,2.5,80.0
2026-07-10 15:00:00,9.2,21.7,438.0,7.9,2.9,72.0
2026-07-10 16:00:00,10.1,19.8,656.0,13.7,3.4,60.0
2026-07-10 17:00:00,11.3,19.8,797.0,21.2,4.0,45.0
2026-07-10 18:00:00,12.2,19.4,798.0,23.0,4.8,42.0
2026-07-10 19:00:00,13.5,20.5,723.0,25.4,5.9,37.0
2026-07-10 20:00:00,14.1,21.5,632.0,26.4,6.6,33.0
2026-07-10 21:00:00,14.0,21.7,536.0,25.0,6.7,32.0
2026-07-10 22:00:00,13.5,20.5,426.0,22.2,6.4,31.0
2026-07-10 23:00:00,12.2,18.2,330.0,19.3,6.0,31.0
2026-07-11 00:00:00,10.2,15.5,258.0,16.5,5.4,31.0
2026-07-11 01:00:00,8.6,13.4,202.0,13.6,4.7,31.0
2026-07-11 02:00:00,7.6,12.3,163.0,11.3,4.2,31.0
2026-07-11 03:00:00,7.2,12.2,143.0,10.0,4.1,30.0
2026-07-11 04:00:00,7.0,12.8,141.0,9.3,4.2,29.0
2026-07-11 05:00:00,6.6,11.9,159.0,9.0,4.0,29.0
2026-07-11 06:00:00,7.1,14.2,217.0,9.1,4.0,29.0
2026-07-11 07:00:00,8.0,16.5,295.0,9.2,4.0,30.0
2026-07-11 08:00:00,8.6,18.7,340.0,8.7,3.9,33.0
2026-07-11 09:00:00,9.4,22.2,317.0,7.0,3.5,42.0
2026-07-11 10:00:00,10.7,28.2,260.0,4.8,3.0,54.0
2026-07-11 11:00:00,12.2,34.5,217.0,3.2,2.6,64.0
2026-07-11 12:00:00,13.3,37.8,204.0,2.6,2.4,70.0
2026-07-11 13:00:00,13.8,39.8,204.0,2.6,2.3,74.0
2026-07-11 14:00:00,14.8,42.5,213.0,3.2,2.3,76.0
2026-07-11 15:00:00,14.9,43.2,219.0,4.4,2.2,76.0
2026-07-11 16:00:00,14.5,39.8,232.0,6.1,2.2,73.0
2026-07-11 17:00:00,17.8,47.4,283.0,10.5,2.6,63.0
2026-07-11 18:00:00,18.3,39.3,420.0,15.3,3.6,55.0
2026-07-11 19:00:00,18.5,33.9,593.0,21.9,4.9,43.0
2026-07-11 20:00:00,17.3,29.3,684.0,26.0,5.8,34.0
2026-07-11 21:00:00,16.6,27.8,619.0,25.5,5.9,31.0
2026-07-11 22:00:00,14.7,23.1,472.0,22.7,5.7,30.0
2026-07-11 23:00:00,12.5,18.9,345.0,19.7,5.3,30.0
2026-07-12 00:00:00,10.6,16.2,274.0,17.2,4.9,30.0
2026-07-12 01:00:00,9.5,15.2,223.0,14.6,4.4,29.0
2026-07-12 02:00:00,8.9,15.1,187.0,12.6,4.0,29.0
2026-07-12 03:00:00,8.6,15.0,163.0,11.5,3.9,28.0
2026-07-12 04:00:00,8.4,14.8,154.0,10.9,4.0,26.0
2026-07-12 05:00:00,7.7,14.4,158.0,8.7,3.7,30.0
2026-07-12 06:00:00,7.8,14.5,185.0,8.2,3.8,31.0
2026-07-12 07:00:00,8.3,15.9,226.0,7.5,4.0,34.0
2026-07-12 08:00:00,8.6,19.3,248.0,6.6,4.0,39.0
2026-07-12 09:00:00,9.9,23.9,233.0,5.2,3.7,50.0
2026-07-12 10:00:00,11.2,28.2,201.0,3.7,3.3,63.0
2026-07-12 11:00:00,12.3,32.7,176.0,2.5,2.9,74.0
2026-07-12 12:00:00,13.0,35.0,168.0,2.0,2.6,80.0
2026-07-12 13:00:00,13.2,35.6,168.0,1.8,2.4,83.0
2026-07-12 14:00:00,13.6,35.9,174.0,2.0,2.2,84.0
2026-07-12 15:00:00,14.1,36.7,190.0,2.3,2.1,83.0
2026-07-12 16:00:00,14.3,35.7,212.0,2.9,2.1,80.0
2026-07-12 17:00:00,18.2,43.7,228.0,5.3,2.5,74.0
2026-07-12 18:00:00,18.9,39.2,231.0,7.7,3.2,68.0
2026-07-12 19:00:00,19.0,35.3,229.0,11.0,4.2,59.0
2026-07-12 20:00:00,17.2,30.0,226.0,13.0,4.9,52.0
2026-07-12 21:00:00,14.9,25.3,229.0,12.7,4.9,48.0
2026-07-12 22:00:00,13.7,23.5,232.0,11.2,4.6,45.0
2026-07-12 23:00:00,12.4,22.1,226.0,9.8,4.3,43.0
2026-07-13 00:00:00,11.2,20.9,201.0,8.9,4.0,40.0
2026-07-13 01:00:00,10.4,19.8,166.0,8.1,3.8,38.0
2026-07-13 02:00:00,9.5,18.2,141.0,7.5,3.6,36.0
2026-07-13 03:00:00,8.6,16.1,131.0,7.0,3.6,34.0
2026-07-13 04:00:00,7.6,14.0,130.0,6.6,3.7,33.0
2026-07-13 05:00:00,8.1,14.4,145.0,7.6,3.9,32.0
2026-07-13 06:00:00,8.1,13.9,191.0,7.7,4.0,33.0
2026-07-13 07:00:00,8.0,14.7,253.0,7.8,4.0,34.0
2026-07-13 08:00:00,8.6,18.3,289.0,7.4,4.0,39.0
2026-07-13 09:00:00,10.6,25.0,273.0,6.1,3.8,51.0
2026-07-13 10:00:00,12.7,30.7,231.0,4.3,3.4,66.0
2026-07-13 11:00:00,14.3,35.5,200.0,3.0,3.1,78.0
2026-07-13 12:00:00,15.3,38.9,193.0,2.5,2.8,84.0
2026-07-13 13:00:00,15.7,39.9,196.0,2.4,2.6,87.0
2026-07-13 14:00:00,16.1,39.7,209.0,2.9,2.5,88.0
2026-07-13 15:00:00,16.4,39.2,233.0,3.9,2.4,87.0
2026-07-13 16:00:00,16.5,38.3,265.0,5.5,2.5,84.0
2026-07-13 17:00:00,15.5,32.7,298.0,7.9,2.8,77.0
2026-07-13 18:00:00,17.2,31.4,335.0,14.9,4.2,66.0
2026-07-13 19:00:00,19.7,31.3,372.0,24.4,6.0,50.0
2026-07-13 20:00:00,19.5,29.6,388.0,30.0,7.2,39.0
2026-07-13 21:00:00,17.5,26.1,369.0,28.1,7.2,37.0
2026-07-13 22:00:00,15.8,23.2,329.0,22.4,6.5,39.0
2026-07-13 23:00:00,14.5,21.1,289.0,17.5,5.8,40.0
2026-07-14 00:00:00,12.8,18.7,255.0,15.1,5.3,39.0
2026-07-14 01:00:00,10.8,15.9,221.0,13.4,4.9,38.0
2026-07-14 02:00:00,10.0,14.8,196.0,12.2,4.6,37.0
2026-07-14 03:00:00,9.5,14.6,175.0,11.2,4.4,35.0
2026-07-14 04:00:00,9.5,14.6,162.0,10.6,4.4,33.0
2026-07-14 05:00:00,9.5,14.1,179.0,10.8,4.8,33.0
2026-07-14 06:00:00,10.1,15.1,261.0,11.5,5.2,33.0
2026-07-14 07:00:00,11.6,17.9,373.0,12.4,5.7,35.0
2026-07-14 08:00:00,12.9,20.0,435.0,12.3,5.9,41.0
2026-07-14 09:00:00,14.0,22.5,396.0,10.1,5.5,57.0
2026-07-14 10:00:00,14.4,24.0,307.0,6.9,4.7,78.0
2026-07-14 11:00:00,14.6,24.9,238.0,4.4,4.0,94.0
2026-07-14 12:00:00,14.3,26.0,215.0,3.3,3.5,101.0
2026-07-14 13:00:00,14.0,26.7,213.0,2.9,3.0,104.0
2026-07-14 14:00:00,13.7,27.2,223.0,3.4,2.7,104.0
2026-07-14 15:00:00,13.5,27.6,225.0,4.1,2.5,102.0
2026-07-14 16:00:00,13.2,26.8,240.0,5.7,2.6,97.0
2026-07-14 17:00:00,10.4,15.4,324.0,15.1,3.5,75.0
2026-07-14 18:00:00,14.0,19.5,570.0,27.9,5.7,57.0
2026-07-14 19:00:00,20.1,25.3,885.0,45.3,8.7,33.0
2026-07-14 20:00:00,23.3,28.2,1047.0,56.2,10.7,17.0
2026-07-14 21:00:00,22.9,27.4,913.0,54.7,10.8,15.0
2026-07-14 22:00:00,21.7,25.9,625.0,46.6,9.9,21.0
2026-07-14 23:00:00,19.8,23.9,389.0,38.3,8.8,27.0
2026-07-15 00:00:00,17.5,21.5,283.0,31.3,7.7,30.0
2026-07-15 01:00:00,15.7,19.6,229.0,24.1,6.5,33.0
2026-07-15 02:00:00,14.8,19.0,198.0,18.5,5.6,35.0
2026-07-15 03:00:00,14.5,18.9,180.0,15.7,5.3,35.0
2026-07-15 04:00:00,14.5,19.5,184.0,14.7,5.3,34.0
2026-07-15 05:00:00,14.0,19.3,208.0,13.8,5.6,37.0
2026-07-15 06:00:00,15.1,21.0,269.0,13.3,5.6,39.0
2026-07-15 07:00:00,15.9,23.8,348.0,12.4,5.5,41.0
2026-07-15 08:00:00,16.0,26.0,390.0,11.1,5.3,48.0
2026-07-15 09:00:00,15.8,25.2,357.0,8.7,4.8,62.0
2026-07-15 10:00:00,14.7,22.4,286.0,5.8,4.1,80.0
2026-07-15 11:00:00,13.2,19.5,232.0,3.7,3.5,94.0
2026-07-15 12:00:00,11.4,17.0,214.0,2.8,3.0,99.0
2026-07-15 13:00:00,10.1,15.4,212.0,2.7,2.6,99.0
2026-07-15 14:00:00,9.6,14.8,221.0,3.3,2.3,98.0
2026-07-15 15:00:00,9.2,14.0,236.0,4.2,2.2,96.0
2026-07-15 16:00:00,8.8,13.1,261.0,5.9,2.2,92.0
2026-07-15 17:00:00,3.2,3.7,310.0,8.9,2.5,86.0
2026-07-15 18:00:00,5.5,5.8,416.0,17.4,4.0,73.0
2026-07-15 19:00:00,10.1,10.6,545.0,28.9,6.0,56.0
2026-07-15 20:00:00,11.7,12.5,607.0,35.6,7.3,44.0
2026-07-15 21:00:00,11.4,12.8,542.0,32.8,7.2,44.0
2026-07-15 22:00:00,11.7,13.9,410.0,25.2,6.4,49.0
2026-07-15 23:00:00,12.6,15.7,301.0,18.9,5.7,52.0
2026-07-16 00:00:00,12.9,16.8,248.0,16.1,5.3,51.0
2026-07-16 01:00:00,12.5,16.8,218.0,14.5,4.9,48.0
2026-07-16 02:00:00,12.8,17.8,201.0,13.6,4.7,45.0
2026-07-16 03:00:00,13.4,19.4,194.0,13.3,4.8,42.0
2026-07-16 04:00:00,14.1,21.4,201.0,13.7,5.1,38.0
2026-07-16 05:00:00,15.5,25.1,224.0,12.8,5.5,40.0
2026-07-16 06:00:00,17.1,28.2,281.0,12.7,5.9,41.0
2026-07-16 07:00:00,19.0,34.5,353.0,12.4,6.4,44.0
2026-07-16 08:00:00,20.6,38.9,389.0,11.4,6.5,49.0
2026-07-16 09:00:00,20.7,41.6,351.0,9.1,5.8,60.0
2026-07-16 10:00:00,20.8,44.7,276.0,6.1,4.7,75.0
2026-07-16 11:00:00,21.8,50.8,221.0,4.0,3.8,86.0
2026-07-16 12:00:00,22.8,54.8,207.0,3.3,3.3,90.0
2026-07-16 13:00:00,23.0,54.2,213.0,3.5,2.9,91.0
2026-07-16 14:00:00,22.0,49.4,235.0,4.3,2.7,90.0
2026-07-16 15:00:00,20.5,44.0,279.0,5.6,2.5,87.0
2026-07-16 16:00:00,19.0,39.1,339.0,7.6,2.5,81.0
2026-07-16 17:00:00,20.8,42.3,387.0,9.4,2.6,81.0
2026-07-16 18:00:00,20.8,35.7,420.0,14.9,3.8,71.0
2026-07-16 19:00:00,20.8,32.0,443.0,22.2,5.5,58.0
2026-07-16 20:00:00,18.9,27.8,439.0,26.6,6.6,48.0
2026-07-16 21:00:00,16.5,23.9,392.0,25.3,6.7,45.0
2026-07-16 22:00:00,14.8,21.5,319.0,21.0,6.1,44.0
2026-07-16 23:00:00,13.1,19.2,256.0,17.0,5.6,44.0
2026-07-17 00:00:00,10.4,15.6,215.0,14.1,5.1,42.0
2026-07-17 01:00:00,8.5,13.0,184.0,11.4,4.5,41.0
2026-07-17 02:00:00,7.2,11.0,163.0,9.4,4.2,39.0
2026-07-17 03:00:00,6.1,9.5,145.0,8.3,4.3,37.0
2026-07-17 04:00:00,5.5,8.6,137.0,7.9,4.6,36.0
2026-07-17 05:00:00,5.8,9.1,160.0,8.7,5.2,34.0
2026-07-17 06:00:00,5.5,7.9,251.0,9.8,5.1,34.0
2026-07-17 07:00:00,6.1,8.6,373.0,11.3,4.9,33.0
2026-07-17 08:00:00,6.2,8.8,440.0,12.5,4.8,33.0
2026-07-17 09:00:00,6.4,8.7,396.0,13.0,4.8,33.0
2026-07-17 10:00:00,6.3,8.9,297.0,13.0,4.8,34.0
2026-07-17 11:00:00,6.3,8.2,224.0,13.0,4.8,35.0
2026-07-17 12:00:00,6.1,8.1,201.0,12.5,4.7,38.0
2026-07-17 13:00:00,5.4,7.0,204.0,11.9,4.5,42.0
2026-07-17 14:00:00,6.2,7.3,241.0,12.3,4.3,44.0
2026-07-17 15:00:00,6.0,7.6,344.0,14.8,4.1,42.0
2026-07-17 16:00:00,6.8,9.6,481.0,18.5,3.9,39.0
2026-07-17 17:00:00,5.7,7.7,565.0,16.2,3.0,47.0
2026-07-17 18:00:00,7.3,8.9,546.0,19.6,3.7,41.0
2026-07-17 19:00:00,8.5,10.2,472.0,24.2,4.7,32.0
2026-07-17 20:00:00,8.8,10.7,405.0,26.8,5.4,26.0
2026-07-17 21:00:00,8.4,10.5,366.0,25.6,5.4,25.0
2026-07-17 22:00:00,8.1,10.3,334.0,22.4,5.1,27.0
2026-07-17 23:00:00,7.4,9.3,298.0,18.9,4.8,29.0
2026-07-18 00:00:00,6.1,7.7,251.0,15.5,4.4,31.0
2026-07-18 01:00:00,5.1,6.5,201.0,11.9,4.0,35.0
2026-07-18 02:00:00,4.6,6.4,165.0,9.0,3.7,37.0
2026-07-18 03:00:00,5.1,7.8,148.0,7.2,3.5,39.0
2026-07-18 04:00:00,5.5,8.6,145.0,6.0,3.4,40.0
2026-07-18 05:00:00,6.5,10.9,162.0,6.2,3.5,40.0
2026-07-18 06:00:00,6.8,10.9,219.0,7.3,3.6,39.0
2026-07-18 07:00:00,7.8,12.4,296.0,8.7,3.8,37.0
2026-07-18 08:00:00,8.0,12.4,340.0,9.1,3.8,39.0
2026-07-18 09:00:00,8.3,14.1,316.0,7.6,3.5,48.0
2026-07-18 10:00:00,8.2,15.2,259.0,5.2,3.0,61.0
2026-07-18 11:00:00,8.2,16.2,216.0,3.5,2.6,70.0
2026-07-18 12:00:00,8.5,17.9,200.0,2.9,2.3,72.0
2026-07-18 13:00:00,9.0,20.5,198.0,3.0,2.1,71.0
2026-07-18 14:00:00,10.5,25.6,218.0,4.5,2.1,67.0
2026-07-18 15:00:00,12.8,28.5,276.0,8.4,2.5,61.0
2026-07-18 16:00:00,13.9,24.6,356.0,13.8,3.2,53.0
2026-07-18 17:00:00,13.5,22.6,416.0,18.7,4.0,47.0
2026-07-18 18:00:00,15.1,22.6,441.0,23.3,4.6,40.0
2026-07-18 19:00:00,16.2,23.2,446.0,29.4,5.5,31.0
2026-07-18 20:00:00,15.5,23.5,441.0,32.7,6.1,25.0
2026-07-18 21:00:00,15.1,24.7,428.0,30.7,6.1,24.0
2026-07-18 22:00:00,13.6,20.7,405.0,25.9,5.8,26.0
2026-07-18 23:00:00,12.2,17.8,368.0,21.3,5.4,28.0
2026-07-19 00:00:00,9.4,13.2,305.0,17.9,4.9,29.0
2026-07-19 01:00:00,8.1,11.3,228.0,14.7,4.4,29.0
2026-07-19 02:00:00,7.0,9.8,174.0,12.3,4.0,29.0
2026-07-19 03:00:00,6.2,8.9,159.0,11.0,4.0,29.0
2026-07-19 04:00:00,5.8,8.4,166.0,10.4,4.2,28.0
2026-07-19 05:00:00,5.3,7.5,188.0,9.1,4.1,30.0
2026-07-19 06:00:00,5.5,7.9,235.0,8.9,4.2,31.0
2026-07-19 07:00:00,6.2,9.3,296.0,8.6,4.4,32.0
2026-07-19 08:00:00,6.7,11.1,327.0,7.9,4.3,36.0
2026-07-19 09:00:00,7.0,12.1,298.0,6.3,3.9,43.0
2026-07-19 10:00:00,7.4,13.8,238.0,4.2,3.3,53.0
2026-07-19 11:00:00,8.0,16.2,193.0,2.7,2.8,61.0
2026-07-19 12:00:00,8.5,18.0,173.0,1.9,2.5,67.0
2026-07-19 13:00:00,9.2,20.5,168.0,1.7,2.4,71.0
2026-07-19 14:00:00,9.9,22.1,195.0,2.3,2.4,73.0
2026-07-19 15:00:00,10.1,23.1,281.0,4.1,2.5,70.0
2026-07-19 16:00:00,11.2,24.9,400.0,6.7,2.7,65.0
2026-07-19 17:00:00,13.9,27.4,486.0,12.8,3.5,55.0
2026-07-19 18:00:00,13.0,24.0,517.0,14.4,4.2,51.0
2026-07-19 19:00:00,13.7,22.9,515.0,16.6,5.1,45.0
2026-07-19 20:00:00,14.6,23.4,488.0,17.5,5.7,40.0
2026-07-19 21:00:00,13.9,21.9,424.0,16.0,5.5,39.0
2026-07-19 22:00:00,13.2,20.8,335.0,13.3,5.0,39.0
2026-07-19 23:00:00,10.4,15.3,259.0,10.9,4.5,39.0
2026-07-20 00:00:00,7.6,10.5,210.0,9.2,4.1,38.0
2026-07-20 01:00:00,5.6,7.4,174.0,7.7,3.7,37.0
2026-07-20 02:00:00,4.5,6.0,151.0,6.7,3.5,36.0
2026-07-20 03:00:00,4.0,5.4,137.0,6.2,3.5,35.0
2026-07-20 04:00:00,3.7,5.0,136.0,6.0,3.7,33.0
2026-07-20 05:00:00,3.7,5.6,160.0,5.6,3.6,33.0
2026-07-20 06:00:00,3.5,4.8,235.0,6.5,3.8,32.0
2026-07-20 07:00:00,4.3,5.4,335.0,7.8,4.1,32.0
2026-07-20 08:00:00,4.3,6.0,390.0,8.1,4.2,35.0
2026-07-20 09:00:00,5.2,9.0,355.0,6.7,3.9,45.0
2026-07-20 10:00:00,5.7,10.2,275.0,4.4,3.3,58.0
2026-07-20 11:00:00,5.6,9.9,216.0,2.8,2.8,67.0
2026-07-20 12:00:00,5.1,9.1,194.0,2.3,2.4,69.0
2026-07-20 13:00:00,5.2,9.9,192.0,2.6,2.0,67.0
2026-07-20 14:00:00,6.0,12.3,225.0,4.1,2.0,64.0
2026-07-20 15:00:00,7.8,15.0,320.0,7.7,2.5,61.0
2026-07-20 16:00:00,8.4,14.8,448.0,12.5,3.3,56.0
2026-07-20 17:00:00,10.0,18.3,541.0,15.0,3.3,47.0
2026-07-20 18:00:00,10.3,16.1,572.0,17.9,4.1,41.0
2026-07-20 19:00:00,11.0,15.5,567.0,21.8,5.2,33.0
2026-07-20 20:00:00,10.2,13.7,535.0,23.7,5.8,27.0
2026-07-20 21:00:00,8.6,11.1,467.0,21.6,5.6,26.0
2026-07-20 22:00:00,6.9,8.9,373.0,17.5,5.0,28.0
2026-07-20 23:00:00,5.7,7.2,291.0,13.9,4.4,30.0
2026-07-21 00:00:00,4.5,5.6,233.0,11.8,4.1,30.0
2026-07-21 01:00:00,3.8,4.7,186.0,10.2,3.9,30.0
2026-07-21 02:00:00,3.6,4.6,158.0,9.1,3.8,30.0
2026-07-21 03:00:00,3.7,5.0,148.0,8.4,4.0,30.0
2026-07-21 04:00:00,4.0,5.6,155.0,8.2,4.4,29.0
2026-07-21 05:00:00,4.2,5.7,184.0,7.9,4.5,30.0
2026-07-21 06:00:00,4.7,6.4,256.0,8.7,4.6,29.0
2026-07-21 07:00:00,5.7,7.5,350.0,9.6,4.8,29.0
2026-07-21 08:00:00,6.7,10.3,402.0,9.8,4.7,31.0
2026-07-21 09:00:00,7.9,15.0,370.0,8.4,4.3,37.0
2026-07-21 10:00:00,8.8,16.8,296.0,6.1,3.6,46.0
2026-07-21 11:00:00,9.0,17.2,244.0,4.4,3.1,55.0
2026-07-21 12:00:00,9.0,17.5,239.0,3.5,2.8,63.0
2026-07-21 13:00:00,8.8,17.0,255.0,3.1,2.7,71.0
2026-07-21 14:00:00,8.7,16.8,280.0,3.5,2.6,75.0
2026-07-21 15:00:00,8.8,17.2,316.0,5.0,2.6,73.0
2026-07-21 16:00:00,8.9,17.4,361.0,7.3,2.6,67.0
2026-07-21 17:00:00,9.6,17.8,394.0,9.8,2.9,64.0
2026-07-21 18:00:00,10.7,16.8,405.0,13.7,3.8,56.0
2026-07-21 19:00:00,11.7,16.5,403.0,19.1,5.0,45.0
2026-07-21 20:00:00,11.4,15.3,395.0,22.4,5.8,36.0
2026-07-21 21:00:00,10.5,13.9,384.0,22.0,5.9,32.0
2026-07-21 22:00:00,10.0,13.2,367.0,19.6,5.6,30.0
2026-07-21 23:00:00,8.9,11.6,337.0,17.2,5.3,29.0
2026-07-22 00:00:00,7.7,10.1,279.0,15.4,5.1,28.0
2026-07-22 01:00:00,7.0,9.4,208.0,13.5,5.0,28.0
2026-07-22 02:00:00,6.5,8.8,160.0,12.0,4.9,28.0
2026-07-22 03:00:00,6.2,8.3,150.0,10.9,5.0,27.0
2026-07-22 04:00:00,5.6,7.5,163.0,10.1,5.3,26.0
2026-07-22 05:00:00,4.7,6.4,196.0,8.2,5.0,28.0
2026-07-22 06:00:00,4.6,6.1,269.0,9.3,5.1,27.0
2026-07-22 07:00:00,5.2,6.4,361.0,10.8,5.3,25.0
2026-07-22 08:00:00,4.9,5.8,411.0,11.2,5.2,26.0
2026-07-22 09:00:00,4.5,5.4,375.0,9.6,4.7,32.0
2026-07-22 10:00:00,4.1,5.4,296.0,6.9,3.9,41.0
2026-07-22 11:00:00,4.0,5.6,238.0,4.8,3.3,49.0
2026-07-22 12:00:00,4.0,5.9,216.0,3.5,2.8,55.0
2026-07-22 13:00:00,4.1,6.1,215.0,2.8,2.4,60.0
2026-07-22 14:00:00,4.2,6.8,250.0,4.0,2.3,61.0
2026-07-22 15:00:00,5.2,8.1,355.0,8.7,2.6,55.0
2026-07-22 16:00:00,5.1,7.5,497.0,15.3,3.2,44.0
2026-07-22 17:00:00,5.9,8.7,584.0,11.8,2.9,51.0
2026-07-22 18:00:00,7.2,10.0,568.0,14.9,3.7,45.0
2026-07-22 19:00:00,9.0,11.8,498.0,19.1,4.7,37.0
2026-07-22 20:00:00,8.9,11.7,433.0,21.6,5.4,31.0
2026-07-22 21:00:00,8.5,11.4,396.0,21.0,5.5,28.0
2026-07-22 22:00:00,8.2,11.3,365.0,18.7,5.3,27.0
2026-07-22 23:00:00,7.8,11.3,329.0,16.3,5.0,26.0
2026-07-23 00:00:00,7.2,11.1,277.0,13.9,4.7,26.0
2026-07-23 01:00:00,6.7,11.1,220.0,11.4,4.3,27.0
2026-07-23 02:00:00,6.6,11.3,182.0,9.5,4.1,28.0
2026-07-23 03:00:00,6.7,12.0,170.0,8.7,4.2,27.0
2026-07-23 04:00:00,6.8,12.6,176.0,8.5,4.5,27.0
2026-07-23 05:00:00,5.6,10.3,200.0,7.4,4.4,28.0
2026-07-23 06:00:00,5.4,9.2,260.0,7.6,4.5,28.0
2026-07-23 07:00:00,5.5,8.7,338.0,7.8,4.5,29.0
2026-07-23 08:00:00,4.9,7.5,378.0,7.5,4.4,32.0
2026-07-23 09:00:00,4.6,6.8,342.0,6.2,4.0,41.0
2026-07-23 10:00:00,4.5,7.0,267.0,4.4,3.3,52.0
2026-07-23 11:00:00,4.6,7.8,213.0,3.0,2.8,62.0
2026-07-23 12:00:00,4.8,8.7,198.0,2.4,2.4,68.0
2026-07-23 13:00:00,5.4,10.8,203.0,2.3,2.1,72.0
2026-07-23 14:00:00,6.4,13.3,227.0,2.7,2.0,73.0
2026-07-23 15:00:00,6.9,14.4,285.0,3.9,2.0,72.0
2026-07-23 16:00:00,7.2,14.3,363.0,5.6,2.1,68.0
2026-07-23 17:00:00,10.0,19.2,412.0,7.4,2.5,65.0
2026-07-23 18:00:00,10.7,17.2,409.0,11.1,3.4,58.0
2026-07-23 19:00:00,11.9,17.4,378.0,16.0,4.5,49.0
2026-07-23 20:00:00,12.4,17.9,345.0,19.0,5.3,42.0
2026-07-23 21:00:00,12.2,17.4,319.0,18.3,5.3,38.0
2026-07-23 22:00:00,11.3,15.7,291.0,15.7,4.8,36.0
2026-07-23 23:00:00,9.7,13.2,260.0,13.2,4.4,34.0
2026-07-24 00:00:00,6.9,9.3,221.0,11.4,4.1,33.0
2026-07-24 01:00:00,5.8,8.4,179.0,9.7,3.9,32.0
2026-07-24 02:00:00,5.7,9.3,153.0,8.4,3.7,31.0
2026-07-24 03:00:00,5.9,10.6,148.0,7.7,3.8,30.0
2026-07-24 04:00:00,6.1,11.4,158.0,7.3,3.9,30.0
2026-07-24 05:00:00,3.5,6.0,186.0,6.0,3.9,31.0
2026-07-24 06:00:00,3.8,5.8,251.0,7.0,4.0,30.0
2026-07-24 07:00:00,4.6,6.3,333.0,8.4,4.2,28.0
2026-07-24 08:00:00,4.2,5.6,376.0,8.8,4.2,32.0
2026-07-24 09:00:00,5.4,10.4,342.0,7.3,3.8,45.0
2026-07-24 10:00:00,8.4,19.0,269.0,4.9,3.2,63.0
2026-07-24 11:00:00,12.1,28.9,215.0,3.2,2.7,77.0
2026-07-24 12:00:00,14.1,33.2,197.0,2.6,2.3,82.0
2026-07-24 13:00:00,15.4,36.3,199.0,2.7,2.0,82.0
2026-07-24 14:00:00,17.4,43.0,224.0,3.6,1.8,80.0
2026-07-24 15:00:00,20.7,51.7,294.0,5.6,1.9,77.0
2026-07-24 16:00:00,23.2,58.7,388.0,8.4,2.1,71.0
2026-07-24 17:00:00,19.3,38.4,447.0,18.5,3.4,55.0
2026-07-24 18:00:00,19.8,37.3,439.0,19.7,4.0,49.0
2026-07-24 19:00:00,18.0,30.7,397.0,21.3,4.8,41.0
2026-07-24 20:00:00,16.0,25.5,361.0,22.1,5.3,35.0
2026-07-24 21:00:00,13.4,20.3,351.0,21.5,5.4,31.0
2026-07-24 22:00:00,11.8,16.8,347.0,20.1,5.3,29.0
2026-07-24 23:00:00,9.5,12.8,327.0,18.2,5.1,28.0
2026-07-25 00:00:00,7.0,9.2,272.0,15.7,4.8,27.0
2026-07-25 01:00:00,5.7,7.4,202.0,12.7,4.4,27.0
2026-07-25 02:00:00,5.0,6.9,155.0,10.5,4.1,27.0
2026-07-25 03:00:00,5.0,7.5,147.0,9.6,4.2,26.0
2026-07-25 04:00:00,5.4,8.5,162.0,9.5,4.4,24.0
2026-07-25 05:00:00,6.1,9.8,193.0,8.5,4.6,25.0
2026-07-25 06:00:00,6.4,10.6,255.0,8.2,4.5,26.0
2026-07-25 07:00:00,7.2,11.9,333.0,7.6,4.2,29.0
2026-07-25 08:00:00,7.7,12.9,374.0,6.8,3.9,34.0
2026-07-25 09:00:00,8.2,14.3,341.0,5.4,3.4,45.0
2026-07-25 10:00:00,8.3,15.0,271.0,3.8,2.7,59.0
2026-07-25 11:00:00,8.0,15.3,218.0,2.6,2.2,70.0
2026-07-25 12:00:00,7.5,14.3,196.0,2.0,2.0,76.0
2026-07-25 13:00:00,6.9,12.9,192.0,2.0,1.9,79.0
2026-07-25 14:00:00,6.9,13.0,217.0,2.7,1.9,79.0
2026-07-25 15:00:00,6.0,11.0,297.0,4.6,2.0,74.0
2026-07-25 16:00:00,6.2,10.2,408.0,7.2,2.2,66.0
2026-07-25 17:00:00,9.1,15.8,484.0,11.6,2.7,58.0
2026-07-25 18:00:00,11.3,16.3,498.0,16.9,3.6,49.0
2026-07-25 19:00:00,12.5,16.9,479.0,24.0,4.8,37.0
2026-07-25 20:00:00,12.4,16.6,445.0,27.8,5.6,28.0
2026-07-25 21:00:00,12.0,16.8,399.0,25.3,5.5,27.0
2026-07-25 22:00:00,10.7,15.1,339.0,19.6,4.9,30.0
2026-07-25 23:00:00,9.1,13.0,281.0,14.5,4.3,33.0
2026-07-26 00:00:00,7.3,10.5,227.0,11.6,3.9,34.0
2026-07-26 01:00:00,5.7,7.9,175.0,9.4,3.5,34.0
2026-07-26 02:00:00,4.6,6.4,138.0,7.6,3.2,34.0
2026-07-26 03:00:00,4.0,5.6,120.0,6.3,3.0,35.0
2026-07-26 04:00:00,4.1,6.4,117.0,5.4,2.8,36.0
2026-07-26 05:00:00,3.7,5.5,129.0,5.7,3.0,35.0
2026-07-26 06:00:00,3.5,5.2,171.0,5.8,3.1,35.0
2026-07-26 07:00:00,3.9,5.6,230.0,5.8,3.1,35.0
2026-07-26 08:00:00,3.7,5.3,262.0,5.5,3.1,38.0
2026-07-26 09:00:00,4.2,6.3,241.0,4.5,2.9,45.0
2026-07-26 10:00:00,5.3,8.7,194.0,3.2,2.6,55.0
2026-07-26 11:00:00,6.1,10.5,164.0,2.2,2.4,62.0
2026-07-26 12:00:00,7.2,13.9,166.0,1.7,2.2,66.0
2026-07-26 13:00:00,7.2,13.9,185.0,1.6,1.9,67.0
2026-07-26 14:00:00,7.7,15.5,221.0,2.2,1.9,67.0
2026-07-26 15:00:00,8.9,17.6,296.0,3.8,2.2,66.0
2026-07-26 16:00:00,9.3,16.5,387.0,6.0,2.6,64.0
2026-07-26 17:00:00,10.0,19.3,435.0,6.8,2.5,62.0
2026-07-26 18:00:00,11.5,19.4,398.0,8.3,3.1,58.0
2026-07-26 19:00:00,12.7,20.2,316.0,10.3,4.0,53.0
2026-07-26 20:00:00,12.7,20.1,249.0,11.5,4.5,48.0
2026-07-26 21:00:00,10.5,15.4,220.0,11.0,4.5,45.0
2026-07-26 22:00:00,8.1,11.3,206.0,9.6,4.1,43.0
2026-07-26 23:00:00,5.8,7.6,190.0,8.3,3.8,41.0
2026-07-27 00:00:00,4.1,5.3,165.0,7.2,3.5,40.0
2026-07-27 01:00:00,3.2,4.2,138.0,6.1,3.1,40.0
2026-07-27 02:00:00,2.8,4.2,119.0,5.3,2.9,40.0
2026-07-27 03:00:00,2.6,4.0,108.0,4.7,2.9,39.0
2026-07-27 04:00:00,2.3,3.6,105.0,4.4,3.0,39.0
2026-07-27 05:00:00,2.0,3.0,121.0,4.4,3.0,39.0
2026-07-27 06:00:00,2.1,2.9,176.0,5.4,3.1,38.0
2026-07-27 07:00:00,2.7,3.2,250.0,6.7,3.3,36.0
2026-07-27 08:00:00,3.0,3.8,295.0,7.4,3.4,37.0
2026-07-27 09:00:00,3.8,5.7,280.0,6.8,3.3,42.0
2026-07-27 10:00:00,5.3,10.4,235.0,5.6,3.1,48.0
2026-07-27 11:00:00,6.1,11.4,203.0,4.6,2.9,55.0
2026-07-27 12:00:00,6.4,12.2,197.0,3.8,2.6,61.0
2026-07-27 13:00:00,6.8,14.1,204.0,3.1,2.3,67.0
2026-07-27 14:00:00,8.1,17.8,226.0,3.2,2.2,70.0
2026-07-27 15:00:00,9.4,21.1,274.0,4.7,2.3,69.0
2026-07-27 16:00:00,10.2,23.5,338.0,7.1,2.6,65.0
2026-07-27 17:00:00,14.1,27.9,382.0,17.1,3.8,50.0
2026-07-27 18:00:00,14.2,24.7,393.0,17.0,4.3,48.0
2026-07-27 19:00:00,14.8,25.8,385.0,16.9,4.9,46.0
2026-07-27 20:00:00,14.1,23.6,370.0,16.2,5.3,44.0
2026-07-27 21:00:00,11.8,18.6,349.0,14.8,5.2,42.0
2026-07-27 22:00:00,8.8,12.7,321.0,12.8,4.8,40.0
2026-07-27 23:00:00,6.2,8.2,288.0,11.0,4.4,38.0
2026-07-28 00:00:00,4.3,5.3,244.0,9.3,4.1,37.0
2026-07-28 01:00:00,3.4,4.3,196.0,7.7,3.7,37.0
2026-07-28 02:00:00,3.0,4.4,162.0,6.4,3.5,37.0
2026-07-28 03:00:00,2.8,4.5,149.0,5.6,3.4,37.0
2026-07-28 04:00:00,2.8,4.8,150.0,5.2,3.4,37.0
2026-07-28 05:00:00,2.3,3.5,167.0,4.8,3.1,38.0
2026-07-28 06:00:00,2.4,3.5,214.0,5.9,3.3,37.0
2026-07-28 07:00:00,3.1,3.8,276.0,7.4,3.6,36.0
2026-07-28 08:00:00,3.4,4.6,310.0,8.0,3.7,37.0
2026-07-28 09:00:00,3.8,6.0,288.0,6.9,3.4,44.0
2026-07-28 10:00:00,4.4,7.9,238.0,4.8,3.0,53.0
2026-07-28 11:00:00,5.5,11.1,200.0,3.3,2.6,61.0
2026-07-28 12:00:00,6.4,13.8,187.0,2.6,2.4,66.0
2026-07-28 13:00:00,5.8,11.6,186.0,2.5,2.2,70.0
2026-07-28 14:00:00,5.8,11.5,197.0,3.1,2.1,71.0
2026-07-28 15:00:00,5.9,11.8,230.0,5.0,2.2,68.0
2026-07-28 16:00:00,6.4,12.8,275.0,7.6,2.4,63.0
2026-07-28 17:00:00,7.5,14.8,304.0,7.6,2.4,61.0
2026-07-28 18:00:00,7.7,13.4,302.0,9.6,2.9,56.0
2026-07-28 19:00:00,8.0,12.6,285.0,12.4,3.6,48.0
2026-07-28 20:00:00,7.9,12.3,266.0,14.1,4.1,42.0
2026-07-28 21:00:00,7.3,11.5,252.0,14.0,4.2,38.0
2026-07-28 22:00:00,6.4,9.8,238.0,12.8,4.1,36.0
2026-07-28 23:00:00,5.3,7.7,219.0,11.4,4.0,35.0
2026-07-29 00:00:00,4.9,8.3,190.0,9.8,3.8,35.0
2026-07-29 01:00:00,3.3,4.7,158.0,7.8,3.5,36.0
2026-07-29 02:00:00,2.5,3.2,136.0,6.4,3.3,37.0
2026-07-29 03:00:00,2.0,2.3,127.0,5.6,3.3,37.0
2026-07-29 04:00:00,1.8,2.1,128.0,5.3,3.5,37.0
2026-07-29 05:00:00,2.9,6.4,148.0,4.5,3.1,38.0
2026-07-29 06:00:00,3.4,7.4,207.0,5.7,3.3,37.0
2026-07-29 07:00:00,3.7,5.6,284.0,7.2,3.5,36.0
2026-07-29 08:00:00,3.5,5.3,328.0,7.9,3.5,37.0
2026-07-29 09:00:00,3.4,5.9,304.0,6.8,3.2,43.0
2026-07-29 10:00:00,3.5,6.1,246.0,4.7,2.7,53.0
2026-07-29 11:00:00,3.9,8.4,204.0,3.2,2.3,60.0
2026-07-29 12:00:00,5.1,11.9,195.0,2.6,2.1,64.0
2026-07-29 13:00:00,5.6,14.1,201.0,2.6,2.0,67.0
2026-07-29 14:00:00,6.9,18.0,222.0,3.0,2.0,68.0
2026-07-29 15:00:00,7.8,19.5,269.0,4.0,2.0,67.0
2026-07-29 16:00:00,7.7,17.7,330.0,5.6,2.0,64.0
2026-07-29 17:00:00,10.6,24.5,367.0,6.3,2.1,59.0
2026-07-29 18:00:00,9.5,17.1,357.0,8.5,2.6,54.0
2026-07-29 19:00:00,8.5,14.0,322.0,11.4,3.3,46.0
2026-07-29 20:00:00,7.9,12.8,289.0,13.3,3.8,40.0
2026-07-29 21:00:00,7.2,12.0,270.0,13.3,3.9,37.0
2026-07-29 22:00:00,6.5,10.8,253.0,12.2,3.8,36.0
2026-07-29 23:00:00,6.2,10.9,231.0,10.8,3.7,36.0
2026-07-30 00:00:00,5.8,11.0,197.0,9.1,3.5,37.0
2026-07-30 01:00:00,5.3,10.2,159.0,7.2,3.2,39.0
2026-07-30 02:00:00,4.5,8.8,132.0,5.6,3.0,40.0
2026-07-30 03:00:00,3.1,5.8,120.0,4.6,2.9,41.0
2026-07-30 04:00:00,2.6,5.2,118.0,4.1,2.9,41.0
2026-07-30 05:00:00,2.5,4.4,135.0,4.2,3.0,41.0
2026-07-30 06:00:00,2.4,4.2,187.0,5.8,3.2,38.0
2026-07-30 07:00:00,3.4,4.6,257.0,8.0,3.5,35.0
2026-07-30 08:00:00,3.3,4.6,298.0,9.0,3.6,35.0
2026-07-30 09:00:00,3.3,4.6,282.0,7.8,3.3,40.0
2026-07-30 10:00:00,3.5,5.8,238.0,5.5,2.9,49.0
2026-07-30 11:00:00,4.1,8.0,206.0,3.7,2.5,56.0
2026-07-30 12:00:00,5.1,10.9,199.0,3.1,2.3,60.0
2026-07-30 13:00:00,7.3,17.3,204.0,3.1,2.2,63.0
2026-07-30 14:00:00,7.8,17.8,219.0,3.6,2.2,64.0
2026-07-30 15:00:00,6.9,15.4,254.0,4.7,2.2,61.0
2026-07-30 16:00:00,5.6,10.1,299.0,6.4,2.3,56.0
2026-07-30 17:00:00,7.6,13.4,327.0,8.4,2.6,58.0
2026-07-30 18:00:00,7.0,11.5,322.0,9.6,3.0,53.0
2026-07-30 19:00:00,7.2,10.8,299.0,11.3,3.4,45.0
2026-07-30 20:00:00,6.8,10.2,274.0,12.3,3.8,39.0
2026-07-30 21:00:00,5.5,8.2,250.0,12.3,4.0,35.0
2026-07-30 22:00:00,5.2,7.9,223.0,11.6,4.0,33.0
2026-07-30 23:00:00,3.9,5.1,197.0,10.6,3.9,31.0
2026-07-31 00:00:00,3.4,5.4,170.0,9.0,3.6,31.0
2026-07-31 01:00:00,3.1,5.5,144.0,7.0,3.3,32.0
2026-07-31 02:00:00,2.6,4.4,127.0,5.4,3.0,33.0
2026-07-31 03:00:00,2.0,3.1,118.0,4.5,2.9,33.0
2026-07-31 04:00:00,1.7,2.6,119.0,4.1,2.8,32.0
2026-07-31 05:00:00,2.2,4.0,135.0,3.7,2.7,32.0
2026-07-31 06:00:00,2.4,4.3,185.0,4.7,2.9,30.0
2026-07-31 07:00:00,3.5,5.6,250.0,6.0,3.2,29.0
2026-07-31 08:00:00,4.0,6.4,289.0,6.6,3.3,30.0
2026-07-31 09:00:00,4.1,7.4,273.0,5.7,3.2,38.0
2026-07-31 10:00:00,4.5,9.5,230.0,4.1,2.9,49.0
2026-07-31 11:00:00,5.4,11.5,199.0,2.8,2.6,58.0
2026-07-31 12:00:00,5.8,12.1,189.0,2.2,2.4,65.0
2026-07-31 13:00:00,6.4,13.8,192.0,2.0,2.2,70.0
2026-07-31 14:00:00,6.5,13.5,213.0,2.5,2.1,71.0
2026-07-31 15:00:00,6.5,13.3,273.0,4.1,2.1,66.0
2026-07-31 16:00:00,5.6,10.7,352.0,6.3,2.2,58.0
2026-07-31 17:00:00,9.0,15.3,402.0,13.0,3.0,48.0
2026-07-31 18:00:00,9.2,14.2,395.0,14.2,3.5,43.0
2026-07-31 19:00:00,9.0,12.8,358.0,15.7,4.1,36.0
2026-07-31 20:00:00,8.1,11.0,322.0,16.4,4.5,31.0
2026-07-31 21:00:00,6.9,9.4,300.0,15.5,4.5,28.0
2026-07-31 22:00:00,5.9,7.7,280.0,13.7,4.3,27.0
2026-07-31 23:00:00,4.6,5.6,254.0,11.8,4.1,27.0
2026-08-01 00:00:00,3.3,3.8,213.0,10.0,3.9,28.0
2026-08-01 01:00:00,2.6,2.9,167.0,8.1,3.6,29.0
2026-08-01 02:00:00,2.2,2.7,135.0,6.6,3.4,30.0
2026-08-01 03:00:00,2.2,3.0,120.0,5.7,3.3,31.0
2026-08-01 04:00:00,2.1,3.2,119.0,5.2,3.4,31.0
2026-08-01 05:00:00,2.3,3.0,143.0,5.8,3.5,31.0
2026-08-01 06:00:00,2.3,2.8,219.0,6.6,3.6,30.0
2026-08-01 07:00:00,2.7,3.2,319.0,7.7,3.7,30.0
2026-08-01 08:00:00,3.5,4.8,375.0,8.0,3.7,32.0
2026-08-01 09:00:00,3.2,4.6,341.0,6.7,3.4,39.0
2026-08-01 10:00:00,3.0,4.9,262.0,4.6,2.9,50.0
2026-08-01 11:00:00,3.1,5.5,204.0,3.0,2.5,59.0
2026-08-01 12:00:00,4.4,9.6,187.0,2.2,2.3,66.0
2026-08-01 13:00:00,6.2,14.3,191.0,1.8,2.1,72.0
2026-08-01 14:00:00,7.9,19.3,225.0,2.6,2.1,75.0
2026-08-01 15:00:00,8.0,20.0,319.0,5.2,2.3,73.0
2026-08-01 16:00:00,8.7,17.5,443.0,8.9,2.6,67.0
2026-08-01 17:00:00,6.5,11.5,521.0,8.9,2.4,48.0
2026-08-01 18:00:00,6.0,8.5,511.0,12.2,3.0,42.0
2026-08-01 19:00:00,5.9,7.5,454.0,16.7,3.7,34.0
2026-08-01 20:00:00,5.2,6.0,394.0,19.2,4.2,28.0
2026-08-01 21:00:00,4.3,5.1,344.0,18.0,4.2,27.0
2026-08-01 22:00:00,4.3,5.7,292.0,14.9,3.8,29.0
2026-08-01 23:00:00,3.9,5.4,245.0,11.9,3.5,31.0
2026-08-02 00:00:00,2.9,4.0,203.0,9.6,3.2,33.0
2026-08-02 01:00:00,2.1,2.7,166.0,7.5,2.9,35.0
2026-08-02 02:00:00,2.0,2.8,140.0,5.8,2.7,36.0
2026-08-02 03:00:00,2.6,4.9,127.0,4.8,2.6,37.0
2026-08-02 04:00:00,2.9,5.6,126.0,4.4,2.6,37.0
2026-08-02 05:00:00,1.8,2.5,140.0,4.7,2.9,37.0
2026-08-02 06:00:00,1.8,2.3,185.0,5.0,3.0,38.0
2026-08-02 07:00:00,2.3,2.7,246.0,5.4,3.0,40.0
2026-08-02 08:00:00,2.2,2.5,279.0,5.3,3.0,43.0
2026-08-02 09:00:00,2.0,2.3,257.0,4.3,2.7,49.0
2026-08-02 10:00:00,2.0,2.6,208.0,2.9,2.4,57.0
2026-08-02 11:00:00,2.5,4.5,171.0,1.9,2.1,63.0
2026-08-02 12:00:00,4.2,9.3,159.0,1.6,1.9,66.0
2026-08-02 13:00:00,5.8,13.6,160.0,1.7,1.9,66.0
2026-08-02 14:00:00,6.9,16.5,170.0,2.4,1.9,65.0
2026-08-02 15:00:00,8.2,19.9,194.0,4.2,2.1,62.0
2026-08-02 16:00:00,8.4,19.4,229.0,6.7,2.4,57.0
2026-08-02 17:00:00,9.5,17.7,258.0,10.2,3.0,49.0
2026-08-02 18:00:00,10.6,19.8,280.0,10.6,3.3,46.0
2026-08-02 19:00:00,9.1,15.7,296.0,11.2,3.8,43.0
2026-08-02 20:00:00,8.1,13.5,301.0,11.3,4.1,40.0
2026-08-02 21:00:00,8.5,15.4,289.0,10.8,4.1,38.0
2026-08-02 22:00:00,8.1,14.5,264.0,9.8,4.0,37.0
2026-08-02 23:00:00,7.4,13.2,237.0,8.8,3.8,36.0
2026-08-03 00:00:00,6.2,11.4,206.0,7.8,3.6,36.0
2026-08-03 01:00:00,5.5,10.7,172.0,6.6,3.3,36.0
2026-08-03 02:00:00,5.1,10.3,148.0,5.8,3.1,37.0
2026-08-03 03:00:00,5.2,10.9,133.0,5.2,3.1,37.0
2026-08-03 04:00:00,5.3,11.4,129.0,4.9,3.1,38.0
2026-08-03 05:00:00,4.1,8.3,149.0,5.5,3.4,37.0
2026-08-03 06:00:00,4.3,8.3,221.0,6.9,3.7,36.0
2026-08-03 07:00:00,5.8,11.1,318.0,8.7,4.1,34.0
2026-08-03 08:00:00,6.6,14.1,372.0,9.5,4.3,36.0
2026-08-03 09:00:00,7.7,17.9,339.0,8.0,4.0,44.0
2026-08-03 10:00:00,10.7,28.1,264.0,5.5,3.4,55.0
2026-08-03 11:00:00,9.1,22.8,215.0,3.9,3.0,63.0
2026-08-03 12:00:00,10.7,27.8,216.0,3.9,3.0,66.0
2026-08-03 13:00:00,10.3,25.3,243.0,4.9,3.2,65.0
2026-08-03 14:00:00,10.0,21.1,289.0,6.8,3.5,63.0
2026-08-03 15:00:00,9.3,17.2,370.0,10.1,3.7,58.0
2026-08-03 16:00:00,8.5,13.6,470.0,14.3,4.0,52.0
2026-08-03 17:00:00,12.2,25.6,529.0,10.3,3.6,59.0
2026-08-03 18:00:00,15.1,25.6,515.0,14.6,4.3,52.0
2026-08-03 19:00:00,15.8,25.2,460.0,20.4,5.3,43.0
2026-08-03 20:00:00,13.6,21.6,408.0,23.9,5.9,36.0
2026-08-03 21:00:00,12.2,19.5,375.0,23.1,5.9,34.0
2026-08-03 22:00:00,9.4,13.6,345.0,20.1,5.4,34.0
2026-08-03 23:00:00,7.9,10.6,310.0,16.9,5.0,35.0
2026-08-04 00:00:00,5.7,7.4,260.0,14.0,4.6,36.0
2026-08-04 01:00:00,4.4,5.7,204.0,11.0,4.1,38.0
2026-08-04 02:00:00,3.7,5.1,166.0,8.6,3.7,39.0
2026-08-04 03:00:00,3.4,5.0,152.0,7.2,3.5,40.0
2026-08-04 04:00:00,3.3,5.2,155.0,6.4,3.5,40.0
2026-08-04 05:00:00,2.9,4.1,176.0,6.9,4.0,39.0
2026-08-04 06:00:00,3.0,3.8,235.0,7.9,4.1,39.0
2026-08-04 07:00:00,3.7,4.5,312.0,9.2,4.3,39.0
2026-08-04 08:00:00,4.0,5.0,354.0,9.8,4.3,40.0
2026-08-04 09:00:00,3.8,5.3,325.0,9.0,4.0,43.0
2026-08-04 10:00:00,4.2,8.6,262.0,7.4,3.7,48.0
2026-08-04 11:00:00,5.5,10.4,216.0,6.1,3.3,53.0
2026-08-04 12:00:00,6.3,11.3,205.0,4.9,3.0,59.0
2026-08-04 13:00:00,6.4,11.5,213.0,4.1,2.7,65.0
2026-08-04 14:00:00,5.9,11.1,241.0,5.1,2.7,67.0
2026-08-04 15:00:00,6.2,10.2,308.0,9.6,3.0,61.0
2026-08-04 16:00:00,7.4,10.2,395.0,15.9,3.6,51.0
2026-08-04 17:00:00,8.1,9.6,455.0,18.6,3.7,52.0
2026-08-04 18:00:00,9.5,11.0,463.0,21.3,4.1,46.0
2026-08-04 19:00:00,10.0,12.3,442.0,24.9,4.7,39.0
2026-08-04 20:00:00,9.8,12.4,415.0,26.7,5.2,33.0
2026-08-04 21:00:00,8.6,11.3,389.0,25.1,5.4,32.0
2026-08-04 22:00:00,8.5,11.0,356.0,21.6,5.5,33.0
2026-08-04 23:00:00,8.0,10.9,317.0,18.1,5.3,34.0
2026-08-05 00:00:00,6.6,9.4,265.0,14.9,4.8,36.0
2026-08-05 01:00:00,5.4,7.9,206.0,11.6,4.0,38.0
2026-08-05 02:00:00,4.0,5.9,165.0,9.1,3.5,39.0
2026-08-05 03:00:00,3.4,5.2,145.0,7.8,3.5,39.0
2026-08-05 04:00:00,3.2,5.0,143.0,7.3,3.8,39.0
2026-08-05 05:00:00,3.3,4.4,170.0,7.4,3.9,38.0
2026-08-05 06:00:00,3.6,5.2,259.0,9.5,4.2,35.0
2026-08-05 07:00:00,4.6,8.3,376.0,12.3,4.7,32.0
2026-08-05 08:00:00,6.4,9.7,440.0,13.3,4.8,33.0
2026-08-05 09:00:00,6.5,10.6,392.0,10.9,4.3,41.0
2026-08-05 10:00:00,7.3,14.2,289.0,6.7,3.4,54.0
2026-08-05 11:00:00,8.6,18.6,220.0,3.8,2.8,63.0
2026-08-05 12:00:00,8.6,19.3,226.0,3.1,2.7,66.0
2026-08-05 13:00:00,9.6,20.5,266.0,3.6,2.8,66.0
2026-08-05 14:00:00,10.4,21.7,309.0,5.3,3.0,64.0
2026-08-05 15:00:00,11.2,20.8,350.0,8.7,3.1,60.0
2026-08-05 16:00:00,11.7,21.5,394.0,13.2,3.3,55.0
2026-08-05 17:00:00,10.0,16.5,422.0,12.4,3.3,50.0
2026-08-05 18:00:00,10.6,16.4,427.0,15.7,4.0,44.0
2026-08-05 19:00:00,11.1,16.1,416.0,20.1,5.0,35.0
2026-08-05 20:00:00,10.4,15.0,399.0,22.8,5.6,29.0
2026-08-05 21:00:00,9.7,14.2,378.0,22.4,5.5,27.0
2026-08-05 22:00:00,9.1,13.0,350.0,20.3,5.0,28.0
2026-08-05 23:00:00,7.8,10.9,315.0,17.9,4.6,29.0
2026-08-06 00:00:00,6.1,8.8,264.0,15.3,4.3,30.0
2026-08-06 01:00:00,4.9,6.7,206.0,12.4,4.1,32.0
2026-08-06 02:00:00,3.9,5.0,165.0,10.1,3.9,33.0
2026-08-06 03:00:00,3.1,4.0,149.0,8.6,3.9,33.0
2026-08-06 04:00:00,3.0,4.2,150.0,7.7,4.0,32.0
2026-08-06 05:00:00,3.8,6.1,171.0,6.9,4.0,34.0
2026-08-06 06:00:00,4.0,6.5,230.0,7.9,4.2,33.0
2026-08-06 07:00:00,5.5,8.1,308.0,9.2,4.5,32.0
2026-08-06 08:00:00,5.4,8.5,354.0,9.6,4.6,34.0
2026-08-06 09:00:00,5.6,9.7,334.0,8.1,4.2,42.0
2026-08-06 10:00:00,6.9,14.0,280.0,5.6,3.5,54.0
2026-08-06 11:00:00,7.9,16.3,241.0,4.0,3.0,63.0
2026-08-06 12:00:00,8.5,19.0,229.0,3.7,3.0,68.0
2026-08-06 13:00:00,10.2,20.5,231.0,4.1,3.1,70.0
2026-08-06 14:00:00,11.0,22.1,254.0,5.7,3.3,70.0
2026-08-06 15:00:00,12.0,24.1,318.0,9.1,3.4,66.0
2026-08-06 16:00:00,12.1,25.8,403.0,13.6,3.4,60.0
2026-08-06 17:00:00,14.9,30.6,451.0,13.5,3.5,56.0
2026-08-06 18:00:00,15.5,27.1,428.0,15.8,4.2,51.0
2026-08-06 19:00:00,17.1,30.4,369.0,18.8,5.0,44.0
2026-08-06 20:00:00,14.1,22.5,319.0,20.4,5.6,39.0
2026-08-06 21:00:00,11.8,18.4,299.0,19.4,5.5,36.0
2026-08-06 22:00:00,9.9,14.5,288.0,16.9,5.1,35.0
2026-08-06 23:00:00,7.9,10.8,269.0,14.3,4.7,35.0
2026-08-07 00:00:00,5.6,7.3,229.0,11.9,4.2,36.0
2026-08-07 01:00:00,4.0,5.2,180.0,9.4,3.8,37.0
2026-08-07 02:00:00,3.2,4.2,147.0,7.4,3.4,38.0
2026-08-07 03:00:00,3.0,4.1,131.0,6.2,3.3,39.0
2026-08-07 04:00:00,2.7,3.9,131.0,5.5,3.3,39.0
2026-08-07 05:00:00,2.7,4.4,158.0,5.6,3.4,38.0
2026-08-07 06:00:00,3.1,5.0,244.0,7.1,3.6,37.0
2026-08-07 07:00:00,4.6,7.0,359.0,9.1,3.9,35.0
2026-08-07 08:00:00,5.2,8.2,422.0,9.9,3.9,36.0
2026-08-07 09:00:00,5.1,7.9,381.0,8.1,3.5,42.0
2026-08-07 10:00:00,4.3,6.7,288.0,5.2,2.8,51.0
2026-08-07 11:00:00,3.8,6.7,221.0,3.9,2.4,57.0
2026-08-07 12:00:00,4.3,8.1,200.0,5.5,2.6,56.0
2026-08-07 13:00:00,5.9,10.0,205.0,8.7,3.0,52.0
2026-08-07 14:00:00,6.8,10.6,250.0,12.1,3.5,47.0
2026-08-07 15:00:00,8.1,12.5,376.0,15.9,3.9,42.0
2026-08-07 16:00:00,8.8,13.9,543.0,19.9,4.3,36.0
2026-08-07 17:00:00,5.8,8.2,645.0,12.6,3.1,45.0
2026-08-07 18:00:00,8.7,13.2,627.0,16.8,3.8,38.0
2026-08-07 19:00:00,9.3,12.9,544.0,22.4,4.9,29.0
2026-08-07 20:00:00,8.7,11.3,461.0,25.5,5.5,23.0
2026-08-07 21:00:00,7.2,8.5,395.0,24.1,5.4,22.0
2026-08-07 22:00:00,5.8,6.4,328.0,20.2,5.0,24.0
2026-08-07 23:00:00,4.7,5.0,268.0,16.4,4.5,26.0
2026-08-08 00:00:00,3.7,4.0,216.0,13.4,4.1,28.0
2026-08-08 01:00:00,2.9,3.1,171.0,10.6,3.6,30.0
2026-08-08 02:00:00,2.4,2.8,142.0,8.4,3.3,31.0
2026-08-08 03:00:00,2.3,3.0,127.0,7.0,3.2,32.0
2026-08-08 04:00:00,2.2,3.0,127.0,6.1,3.2,32.0
2026-08-08 05:00:00,1.8,1.9,154.0,6.1,3.2,33.0
2026-08-08 06:00:00,1.9,2.3,235.0,7.5,3.4,31.0
2026-08-08 07:00:00,3.2,3.8,343.0,9.4,3.6,29.0
2026-08-08 08:00:00,4.3,5.5,402.0,10.1,3.7,31.0
2026-08-08 09:00:00,4.5,6.6,358.0,8.3,3.5,41.0
2026-08-08 10:00:00,5.0,8.3,265.0,5.3,3.1,54.0
2026-08-08 11:00:00,5.4,9.4,210.0,3.4,2.8,63.0
2026-08-08 12:00:00,6.9,14.1,233.0,3.5,2.6,64.0
2026-08-08 13:00:00,5.5,10.5,295.0,4.8,2.6,61.0
2026-08-08 14:00:00,6.5,11.3,362.0,7.0,2.6,58.0
2026-08-08 15:00:00,7.9,13.3,439.0,10.6,2.7,55.0
2026-08-08 16:00:00,8.9,15.2,522.0,15.1,3.0,52.0
2026-08-08 17:00:00,12.5,22.1,562.0,18.5,3.2,42.0
2026-08-08 18:00:00,12.9,19.4,528.0,22.0,4.0,37.0
2026-08-08 19:00:00,12.9,17.8,452.0,26.6,5.1,29.0
2026-08-08 20:00:00,11.7,15.3,381.0,28.7,5.7,24.0
2026-08-08 21:00:00,9.7,11.9,332.0,26.1,5.6,24.0
2026-08-08 22:00:00,7.7,9.0,289.0,21.0,5.0,26.0
2026-08-08 23:00:00,6.0,6.9,248.0,16.3,4.4,28.0
2026-08-09 00:00:00,4.3,5.0,205.0,12.9,3.9,30.0
2026-08-09 01:00:00,3.3,3.8,164.0,9.8,3.4,32.0
2026-08-09 02:00:00,2.7,3.2,138.0,7.5,3.0,33.0
2026-08-09 03:00:00,2.5,3.2,133.0,6.2,2.9,34.0
2026-08-09 04:00:00,2.4,3.4,144.0,5.7,2.8,34.0
2026-08-09 05:00:00,2.2,2.8,161.0,6.0,3.0,34.0
2026-08-09 06:00:00,2.2,2.8,191.0,5.9,3.0,35.0
2026-08-09 07:00:00,2.4,3.2,228.0,5.7,2.9,37.0
2026-08-09 08:00:00,2.8,4.3,247.0,5.2,2.8,40.0
2026-08-09 09:00:00,3.4,4.8,232.0,4.2,2.7,47.0
2026-08-09 10:00:00,3.8,7.0,198.0,2.9,2.5,55.0
2026-08-09 11:00:00,3.8,7.1,172.0,2.1,2.4,61.0
2026-08-09 12:00:00,4.6,9.1,158.0,1.9,2.3,63.0
2026-08-09 13:00:00,5.2,10.7,151.0,2.2,2.1,63.0
2026-08-09 14:00:00,7.4,15.7,162.0,3.0,2.2,62.0
2026-08-09 15:00:00,6.8,13.6,204.0,4.7,2.5,62.0
2026-08-09 16:00:00,7.2,12.5,264.0,6.9,3.0,62.0
2026-08-09 17:00:00,12.1,22.1,311.0,9.9,3.5,55.0
2026-08-09 18:00:00,14.1,21.9,337.0,13.1,4.4,49.0
2026-08-09 19:00:00,14.2,20.8,351.0,17.4,5.5,42.0
2026-08-09 20:00:00,13.1,18.4,348.0,19.9,6.3,36.0
2026-08-09 21:00:00,11.2,15.1,320.0,18.9,6.3,35.0
2026-08-09 22:00:00,10.1,12.9,275.0,16.2,5.9,36.0
2026-08-09 23:00:00,8.8,11.0,233.0,13.5,5.4,36.0
2026-08-10 00:00:00,7.1,8.9,198.0,11.5,4.8,35.0
2026-08-10 01:00:00,6.0,7.6,166.0,9.6,4.2,34.0
2026-08-10 02:00:00,5.1,6.7,144.0,8.1,3.7,33.0
2026-08-10 03:00:00,4.5,6.2,130.0,7.0,3.4,32.0
2026-08-10 04:00:00,4.0,5.8,126.0,6.2,3.3,31.0
2026-08-10 05:00:00,3.9,5.6,144.0,6.0,3.4,32.0
2026-08-10 06:00:00,4.1,5.6,209.0,7.2,3.7,31.0
2026-08-10 07:00:00,4.1,5.8,296.0,8.8,4.0,29.0
2026-08-10 08:00:00,4.9,6.6,347.0,9.3,4.1,31.0
2026-08-10 09:00:00,4.9,7.1,324.0,7.8,3.8,40.0
2026-08-10 10:00:00,5.4,9.0,265.0,5.2,3.3,52.0
2026-08-10 11:00:00,6.3,11.3,222.0,3.2,2.9,63.0
2026-08-10 12:00:00,7.0,13.0,206.0,2.2,2.6,71.0
2026-08-10 13:00:00,7.5,14.2,205.0,1.8,2.3,77.0
2026-08-10 14:00:00,7.4,14.6,238.0,2.8,2.3,79.0
2026-08-10 15:00:00,7.6,15.4,334.0,5.9,2.5,73.0
2026-08-10 16:00:00,8.4,14.8,464.0,10.4,3.0,63.0
2026-08-10 17:00:00,9.8,14.3,558.0,17.4,3.4,50.0
2026-08-10 18:00:00,10.3,13.8,589.0,22.4,4.4,42.0
2026-08-10 19:00:00,12.9,16.1,585.0,29.1,5.7,31.0
2026-08-10 20:00:00,13.3,16.4,558.0,32.8,6.6,23.0
2026-08-10 21:00:00,12.2,15.2,503.0,30.8,6.6,22.0
2026-08-10 22:00:00,11.2,14.0,425.0,25.8,6.0,24.0
2026-08-10 23:00:00,10.0,12.5,351.0,21.1,5.5,26.0
2026-08-11 00:00:00,8.4,10.7,286.0,17.8,5.0,26.0
2026-08-11 01:00:00,7.2,9.2,224.0,14.8,4.5,26.0
2026-08-11 02:00:00,6.2,8.0,182.0,12.4,4.1,26.0
2026-08-11 03:00:00,5.6,7.5,161.0,10.8,4.1,26.0
2026-08-11 04:00:00,5.4,7.6,159.0,9.9,4.2,26.0
2026-08-11 05:00:00,5.3,7.4,182.0,10.7,4.6,24.0
2026-08-11 06:00:00,5.5,7.4,253.0,10.8,4.7,25.0
2026-08-11 07:00:00,6.3,8.2,349.0,10.7,4.8,26.0
2026-08-11 08:00:00,5.5,7.5,403.0,10.1,4.7,30.0
2026-08-11 09:00:00,5.6,8.2,374.0,8.3,4.3,39.0
2026-08-11 10:00:00,5.9,9.5,303.0,5.8,3.8,51.0
2026-08-11 11:00:00,6.9,12.0,251.0,3.9,3.3,62.0
2026-08-11 12:00:00,7.4,13.4,227.0,2.8,2.9,71.0
2026-08-11 13:00:00,7.8,14.2,222.0,2.4,2.6,80.0
2026-08-11 14:00:00,8.1,14.7,263.0,2.9,2.5,84.0
2026-08-11 15:00:00,8.2,15.0,399.0,4.8,2.6,82.0
2026-08-11 16:00:00,8.5,13.6,581.0,7.7,3.0,77.0
2026-08-11 17:00:00,12.6,20.8,690.0,18.1,3.5,57.0
2026-08-11 18:00:00,14.5,21.1,663.0,21.9,4.5,50.0
2026-08-11 19:00:00,15.7,21.9,563.0,27.0,5.8,41.0
2026-08-11 20:00:00,16.0,22.6,465.0,29.4,6.6,35.0
2026-08-11 21:00:00,14.5,20.4,392.0,26.6,6.5,34.0
2026-08-11 22:00:00,12.5,17.1,321.0,21.0,5.9,35.0
2026-08-11 23:00:00,10.2,13.6,261.0,16.2,5.3,36.0
2026-08-12 00:00:00,8.0,10.5,213.0,13.3,4.8,35.0
2026-08-12 01:00:00,6.4,8.6,174.0,11.2,4.3,34.0
2026-08-12 02:00:00,5.6,7.9,150.0,9.6,4.0,33.0
2026-08-12 03:00:00,5.4,8.0,138.0,8.6,4.0,32.0
2026-08-12 04:00:00,5.4,8.4,140.0,8.3,4.2,31.0
2026-08-12 05:00:00,4.7,7.4,162.0,7.5,4.1,32.0
2026-08-12 06:00:00,4.9,7.7,225.0,8.1,4.2,32.0
2026-08-12 07:00:00,5.2,8.6,308.0,8.9,4.3,32.0
2026-08-12 08:00:00,5.8,9.6,357.0,8.9,4.3,35.0
2026-08-12 09:00:00,6.2,10.8,337.0,7.4,3.9,43.0
2026-08-12 10:00:00,6.5,11.9,282.0,5.3,3.4,54.0
2026-08-12 11:00:00,7.1,13.6,241.0,3.6,3.0,64.0
2026-08-12 12:00:00,7.0,13.2,229.0,2.8,2.7,72.0
2026-08-12 13:00:00,6.4,11.6,232.0,2.6,2.6,79.0
2026-08-12 14:00:00,5.7,9.5,255.0,3.2,2.5,83.0
2026-08-12 15:00:00,5.2,8.4,316.0,5.0,2.5,82.0
2026-08-12 16:00:00,5.1,8.1,398.0,7.6,2.5,77.0
2026-08-12 17:00:00,10.7,16.8,457.0,19.3,3.6,53.0
2026-08-12 18:00:00,12.2,16.8,478.0,21.7,4.4,48.0
2026-08-12 19:00:00,12.8,17.2,476.0,25.0,5.6,42.0
2026-08-12 20:00:00,12.9,17.5,456.0,26.5,6.3,37.0
2026-08-12 21:00:00,12.0,16.3,411.0,24.8,6.3,35.0
2026-08-12 22:00:00,11.5,15.7,348.0,21.3,5.8,34.0
2026-08-12 23:00:00,10.1,13.9,288.0,18.0,5.3,34.0
2026-08-13 00:00:00,8.8,12.4,236.0,15.3,4.8,34.0
2026-08-13 01:00:00,7.7,11.1,187.0,12.7,4.4,33.0
2026-08-13 02:00:00,6.8,10.1,154.0,10.6,4.0,33.0
2026-08-13 03:00:00,6.0,9.0,138.0,8.9,3.8,33.0
2026-08-13 04:00:00,5.2,7.7,138.0,7.7,3.8,32.0
2026-08-13 05:00:00,3.8,5.0,162.0,8.1,4.1,32.0
2026-08-13 06:00:00,3.6,4.5,234.0,8.3,4.0,32.0
2026-08-13 07:00:00,3.5,4.3,329.0,8.4,4.0,33.0
2026-08-13 08:00:00,3.5,4.2,382.0,8.0,3.8,36.0
2026-08-13 09:00:00,3.6,4.7,351.0,6.5,3.5,45.0
2026-08-13 10:00:00,3.6,4.7,277.0,4.4,3.2,58.0
2026-08-13 11:00:00,3.8,5.2,222.0,3.0,2.9,67.0
2026-08-13 12:00:00,3.7,5.2,202.0,2.5,2.5,70.0
2026-08-13 13:00:00,4.0,6.1,200.0,2.6,2.1,69.0
2026-08-13 14:00:00,7.6,13.8,228.0,3.8,2.0,67.0
2026-08-13 15:00:00,6.6,11.2,307.0,6.6,2.3,63.0
2026-08-13 16:00:00,8.1,13.0,416.0,10.5,3.0,58.0
2026-08-13 17:00:00,10.9,16.9,500.0,15.5,3.2,50.0
2026-08-13 18:00:00,13.2,17.5,545.0,19.8,4.1,44.0
2026-08-13 19:00:00,13.1,17.0,565.0,25.6,5.4,37.0
2026-08-13 20:00:00,13.0,16.7,551.0,29.0,6.3,31.0
2026-08-13 21:00:00,12.5,16.2,483.0,28.0,6.4,29.0
2026-08-13 22:00:00,12.1,16.0,381.0,24.6,6.1,29.0
2026-08-13 23:00:00,11.2,15.5,292.0,21.0,5.7,30.0
2026-08-14 00:00:00,9.7,14.3,230.0,17.5,5.1,31.0
2026-08-14 01:00:00,8.5,12.9,182.0,13.7,4.5,32.0
2026-08-14 02:00:00,7.3,11.1,151.0,10.9,4.0,33.0
2026-08-14 03:00:00,6.4,9.5,139.0,9.5,4.0,33.0
2026-08-14 04:00:00,5.6,8.1,144.0,8.9,4.1,32.0
2026-08-14 05:00:00,4.4,6.0,171.0,8.4,4.1,32.0
2026-08-14 06:00:00,4.3,5.9,240.0,9.0,4.1,31.0
2026-08-14 07:00:00,4.3,5.9,330.0,9.7,4.0,30.0
2026-08-14 08:00:00,4.8,6.7,379.0,9.5,3.9,33.0
2026-08-14 09:00:00,4.6,6.2,347.0,7.6,3.6,42.0
2026-08-14 10:00:00,4.3,6.2,274.0,4.9,3.1,55.0
2026-08-14 11:00:00,3.8,5.6,220.0,3.0,2.7,65.0
2026-08-14 12:00:00,3.9,5.7,200.0,2.2,2.4,71.0
2026-08-14 13:00:00,3.7,5.4,198.0,2.1,2.1,73.0
2026-08-14 14:00:00,4.6,7.7,225.0,3.5,2.1,73.0
2026-08-14 15:00:00,5.1,9.1,309.0,7.3,2.4,68.0
2026-08-14 16:00:00,5.9,9.7,422.0,12.5,2.9,60.0
2026-08-14 17:00:00,7.8,10.9,494.0,16.2,3.0,53.0
2026-08-14 18:00:00,10.1,12.7,490.0,18.5,3.8,49.0
2026-08-14 19:00:00,10.8,13.3,446.0,21.5,4.8,44.0
2026-08-14 20:00:00,9.6,12.0,396.0,23.2,5.5,39.0
2026-08-14 21:00:00,9.4,11.7,349.0,22.6,5.6,36.0
2026-08-14 22:00:00,9.3,11.4,297.0,20.7,5.4,33.0
2026-08-14 23:00:00,8.3,10.2,250.0,18.3,5.1,32.0
2026-08-15 00:00:00,6.6,8.3,209.0,15.1,4.6,33.0
2026-08-15 01:00:00,5.1,7.0,173.0,11.3,3.9,35.0
2026-08-15 02:00:00,4.3,6.3,148.0,8.5,3.5,36.0
2026-08-15 03:00:00,3.9,6.1,135.0,7.2,3.4,36.0
2026-08-15 04:00:00,3.9,6.5,134.0,6.9,3.6,36.0
2026-08-15 05:00:00,4.5,7.7,151.0,7.6,3.8,35.0
2026-08-15 06:00:00,4.9,8.3,204.0,8.2,3.9,35.0
2026-08-15 07:00:00,5.8,9.7,275.0,8.9,4.0,36.0
2026-08-15 08:00:00,5.7,10.1,317.0,9.0,4.0,38.0
2026-08-15 09:00:00,6.3,11.0,300.0,7.7,3.7,44.0
2026-08-15 10:00:00,7.1,13.7,253.0,5.7,3.1,51.0
2026-08-15 11:00:00,8.1,16.6,217.0,4.2,2.7,58.0
2026-08-15 12:00:00,9.3,19.7,203.0,3.4,2.4,64.0
2026-08-15 13:00:00,7.4,14.5,199.0,3.1,2.2,70.0
2026-08-15 14:00:00,6.3,11.5,208.0,3.4,2.1,73.0
2026-08-15 15:00:00,5.7,10.2,238.0,4.6,2.0,72.0
2026-08-15 16:00:00,5.7,10.0,281.0,6.4,2.1,67.0
2026-08-15 17:00:00,7.2,12.5,317.0,8.8,2.3,62.0
2026-08-15 18:00:00,9.8,14.6,342.0,12.8,3.2,56.0
2026-08-15 19:00:00,11.3,15.8,360.0,18.2,4.3,48.0
2026-08-15 20:00:00,11.0,15.1,362.0,21.5,5.1,41.0
2026-08-15 21:00:00,10.2,13.8,340.0,20.7,5.2,38.0
2026-08-15 22:00:00,9.7,13.1,303.0,17.7,4.9,37.0
2026-08-15 23:00:00,8.5,11.5,264.0,14.8,4.5,37.0
2026-08-16 00:00:00,7.1,9.7,224.0,12.5,4.1,37.0
2026-08-16 01:00:00,6.0,8.3,182.0,10.2,3.6,37.0
2026-08-16 02:00:00,5.2,7.5,155.0,8.4,3.3,37.0
2026-08-16 03:00:00,4.7,7.0,151.0,7.4,3.2,37.0
2026-08-16 04:00:00,4.4,6.8,160.0,7.0,3.3,36.0
2026-08-16 05:00:00,3.9,5.6,174.0,7.2,3.5,36.0
2026-08-16 06:00:00,3.8,5.4,194.0,7.0,3.7,37.0
2026-08-16 07:00:00,4.2,6.2,218.0,6.8,3.9,38.0
2026-08-16 08:00:00,4.5,7.1,229.0,6.2,3.9,41.0
2026-08-16 09:00:00,4.9,8.5,214.0,5.0,3.7,48.0
2026-08-16 10:00:00,5.4,10.0,186.0,3.6,3.3,57.0
2026-08-16 11:00:00,5.9,11.0,166.0,2.5,2.9,65.0
2026-08-16 12:00:00,5.6,10.7,161.0,2.0,2.5,70.0
2026-08-16 13:00:00,5.3,9.9,163.0,1.8,2.2,72.0
2026-08-16 14:00:00,5.0,9.0,171.0,2.2,2.0,73.0
2026-08-16 15:00:00,5.0,8.8,187.0,3.2,2.1,71.0
2026-08-16 16:00:00,6.3,10.8,208.0,4.7,2.3,66.0
2026-08-16 17:00:00,9.5,17.8,224.0,7.6,2.6,60.0
2026-08-16 18:00:00,11.9,19.8,230.0,11.1,3.6,54.0
2026-08-16 19:00:00,14.2,21.8,231.0,15.8,5.0,45.0
2026-08-16 20:00:00,14.8,21.8,229.0,18.5,5.9,39.0
2026-08-16 21:00:00,13.9,20.3,226.0,17.3,5.9,38.0
2026-08-16 22:00:00,12.8,18.6,219.0,14.2,5.3,40.0
2026-08-16 23:00:00,11.1,16.2,208.0,11.4,4.8,41.0
2026-08-17 00:00:00,9.1,13.6,185.0,9.8,4.4,41.0
2026-08-17 01:00:00,7.8,11.8,157.0,8.5,4.0,40.0
2026-08-17 02:00:00,6.8,10.3,140.0,7.5,3.8,39.0
2026-08-17 03:00:00,5.9,8.9,137.0,6.8,3.8,38.0
2026-08-17 04:00:00,5.2,7.7,145.0,6.4,3.8,37.0
2026-08-17 05:00:00,5.4,8.7,166.0,6.2,3.9,38.0
2026-08-17 06:00:00,4.9,7.5,218.0,7.5,4.2,37.0
2026-08-17 07:00:00,5.0,8.1,283.0,9.1,4.7,35.0
2026-08-17 08:00:00,6.2,10.0,318.0,9.7,4.8,37.0
2026-08-17 09:00:00,6.8,12.6,292.0,8.2,4.3,45.0
2026-08-17 10:00:00,8.3,18.1,236.0,5.6,3.6,56.0
2026-08-17 11:00:00,9.4,21.2,195.0,3.7,3.0,65.0
2026-08-17 12:00:00,9.7,21.7,186.0,2.9,2.7,71.0
2026-08-17 13:00:00,9.2,19.6,192.0,2.9,2.6,76.0
2026-08-17 14:00:00,8.7,17.3,208.0,3.9,2.6,77.0
2026-08-17 15:00:00,8.8,17.1,234.0,6.6,2.6,74.0
2026-08-17 16:00:00,8.7,16.8,270.0,10.3,2.7,68.0
2026-08-17 17:00:00,10.3,18.3,304.0,14.0,3.2,59.0
2026-08-17 18:00:00,11.5,18.2,341.0,17.4,4.2,53.0
2026-08-17 19:00:00,12.7,18.6,378.0,21.8,5.5,44.0
2026-08-17 20:00:00,13.3,18.7,392.0,24.3,6.3,37.0
2026-08-17 21:00:00,12.3,16.9,370.0,22.9,6.2,35.0
2026-08-17 22:00:00,10.9,14.5,327.0,19.4,5.6,36.0
2026-08-17 23:00:00,9.1,12.0,283.0,16.2,5.1,36.0
2026-08-18 00:00:00,7.5,10.2,242.0,14.1,4.8,36.0
2026-08-18 01:00:00,6.9,9.9,200.0,12.2,4.5,36.0
2026-08-18 02:00:00,6.8,10.5,171.0,10.9,4.3,35.0
2026-08-18 03:00:00,7.1,11.8,157.0,10.3,4.4,33.0
2026-08-18 04:00:00,7.6,13.2,154.0,10.2,4.5,32.0
2026-08-18 05:00:00,7.6,14.1,169.0,8.9,4.2,33.0
2026-08-18 06:00:00,7.8,14.1,217.0,9.1,4.2,33.0
2026-08-18 07:00:00,8.3,14.2,283.0,9.2,4.1,34.0
2026-08-18 08:00:00,7.1,12.2,320.0,8.8,4.0,37.0
2026-08-18 09:00:00,7.3,12.0,300.0,7.2,3.8,45.0
2026-08-18 10:00:00,6.9,12.7,251.0,5.0,3.4,56.0
2026-08-18 11:00:00,7.2,13.1,216.0,3.4,3.1,65.0
2026-08-18 12:00:00,8.0,14.8,204.0,2.5,2.7,72.0
2026-08-18 13:00:00,8.4,15.9,205.0,2.3,2.3,77.0
2026-08-18 14:00:00,8.6,16.9,229.0,3.1,2.2,78.0
2026-08-18 15:00:00,9.5,19.9,294.0,5.5,2.5,74.0
2026-08-18 16:00:00,9.7,18.3,383.0,9.0,3.0,65.0
2026-08-18 17:00:00,13.4,22.5,452.0,19.1,3.5,50.0
2026-08-18 18:00:00,15.7,22.8,489.0,22.4,4.5,45.0
2026-08-18 19:00:00,15.4,21.4,508.0,26.8,5.8,38.0
2026-08-18 20:00:00,14.6,19.9,500.0,29.1,6.7,33.0
2026-08-18 21:00:00,13.5,18.0,455.0,27.7,6.8,32.0
2026-08-18 22:00:00,12.5,16.3,384.0,24.3,6.4,32.0
2026-08-18 23:00:00,11.1,14.6,318.0,20.8,5.9,32.0
2026-08-19 00:00:00,9.2,12.2,263.0,17.4,5.4,31.0
2026-08-19 01:00:00,7.7,10.3,213.0,13.9,4.7,31.0
2026-08-19 02:00:00,6.6,8.8,178.0,11.2,4.3,30.0
2026-08-19 03:00:00,5.7,7.5,160.0,9.9,4.3,29.0
2026-08-19 04:00:00,5.2,6.8,157.0,9.4,4.4,27.0
2026-08-19 05:00:00,4.5,6.1,175.0,8.5,4.3,27.0
2026-08-19 06:00:00,4.8,6.7,237.0,8.6,4.3,27.0
2026-08-19 07:00:00,5.8,8.5,320.0,8.7,4.2,28.0
2026-08-19 08:00:00,5.9,9.4,365.0,8.3,4.1,32.0
2026-08-19 09:00:00,5.8,10.0,335.0,6.9,3.8,41.0
2026-08-19 10:00:00,5.7,9.6,268.0,5.0,3.4,53.0
2026-08-19 11:00:00,5.4,9.4,217.0,3.6,3.0,62.0
2026-08-19 12:00:00,5.7,10.6,191.0,2.5,2.7,68.0
2026-08-19 13:00:00,6.5,13.3,181.0,1.9,2.4,71.0
2026-08-19 14:00:00,7.6,16.2,219.0,3.3,2.3,70.0
2026-08-19 15:00:00,8.6,18.5,356.0,8.3,2.6,62.0
2026-08-19 16:00:00,9.0,16.5,541.0,15.3,3.2,49.0
2026-08-19 17:00:00,11.6,18.7,651.0,18.1,3.7,44.0
2026-08-19 18:00:00,15.7,26.7,612.0,19.3,4.2,40.0
2026-08-19 19:00:00,17.2,30.4,498.0,20.9,5.0,34.0
2026-08-19 20:00:00,15.5,25.8,405.0,21.4,5.4,30.0
2026-08-19 21:00:00,14.3,24.3,377.0,19.7,5.3,28.0
2026-08-19 22:00:00,13.5,22.8,371.0,16.9,4.9,28.0
2026-08-19 23:00:00,9.9,14.9,349.0,14.3,4.6,28.0
2026-08-20 00:00:00,6.9,9.5,287.0,12.4,4.4,27.0
2026-08-20 01:00:00,5.3,7.1,211.0,10.7,4.1,27.0
2026-08-20 02:00:00,4.6,6.2,158.0,9.4,4.0,26.0
2026-08-20 03:00:00,4.7,7.1,145.0,8.4,4.0,26.0
2026-08-20 04:00:00,4.5,7.2,157.0,7.7,4.0,26.0
2026-08-20 05:00:00,4.2,6.7,182.0,7.1,4.0,27.0
2026-08-20 06:00:00,4.7,7.6,232.0,7.6,4.0,27.0
2026-08-20 07:00:00,5.6,8.9,296.0,8.3,3.9,28.0
2026-08-20 08:00:00,5.7,10.2,331.0,8.2,3.8,32.0
2026-08-20 09:00:00,7.1,14.4,306.0,6.7,3.5,41.0
2026-08-20 10:00:00,7.8,16.8,252.0,4.5,3.1,52.0
2026-08-20 11:00:00,8.4,19.5,213.0,3.0,2.8,61.0
2026-08-20 12:00:00,12.6,33.4,195.0,2.4,2.5,64.0
2026-08-20 13:00:00,9.1,22.8,193.0,2.6,2.1,65.0
2026-08-20 14:00:00,9.4,24.1,235.0,4.1,2.1,63.0
2026-08-20 15:00:00,9.9,25.3,354.0,8.0,2.5,58.0
2026-08-20 16:00:00,11.3,25.0,517.0,13.3,3.1,51.0
2026-08-20 17:00:00,7.9,11.1,652.0,16.9,3.5,50.0
2026-08-20 18:00:00,10.4,14.5,752.0,20.2,4.3,45.0
2026-08-20 19:00:00,11.7,15.5,825.0,24.7,5.4,37.0
2026-08-20 20:00:00,11.2,15.3,822.0,26.8,6.1,32.0
2026-08-20 21:00:00,10.0,13.5,689.0,24.6,6.0,31.0
2026-08-20 22:00:00,9.4,12.3,480.0,20.1,5.4,33.0
2026-08-20 23:00:00,8.6,11.1,313.0,16.1,4.9,34.0
2026-08-21 00:00:00,7.4,9.6,234.0,13.3,4.4,34.0
2026-08-21 01:00:00,6.5,8.6,197.0,10.9,4.0,34.0
2026-08-21 02:00:00,6.0,8.0,174.0,9.2,3.7,33.0
2026-08-21 03:00:00,5.8,8.0,157.0,8.3,3.7,32.0
2026-08-21 04:00:00,5.7,8.0,155.0,8.0,3.9,30.0
2026-08-21 05:00:00,6.0,8.3,170.0,8.6,4.2,28.0
2026-08-21 06:00:00,6.4,9.0,219.0,8.4,4.2,29.0
2026-08-21 07:00:00,7.3,10.7,285.0,8.1,4.2,31.0
2026-08-21 08:00:00,7.7,11.7,325.0,7.5,4.1,35.0
2026-08-21 09:00:00,8.4,13.8,311.0,6.4,3.8,43.0
2026-08-21 10:00:00,8.9,16.6,269.0,5.1,3.4,53.0
2026-08-21 11:00:00,9.4,18.2,237.0,4.1,3.0,62.0
2026-08-21 12:00:00,11.5,25.4,223.0,3.1,2.7,69.0
2026-08-21 13:00:00,11.6,27.1,218.0,2.3,2.4,76.0
2026-08-21 14:00:00,10.8,24.8,232.0,3.1,2.3,78.0
2026-08-21 15:00:00,9.9,21.9,282.0,6.8,2.5,74.0
2026-08-21 16:00:00,9.5,18.9,352.0,12.1,2.9,66.0
2026-08-21 17:00:00,9.0,17.5,403.0,11.5,2.7,64.0
2026-08-21 18:00:00,12.8,18.0,422.0,15.4,3.6,58.0
2026-08-21 19:00:00,14.6,20.5,423.0,20.5,4.9,49.0
2026-08-21 20:00:00,13.8,19.5,408.0,23.3,5.7,42.0
2026-08-21 21:00:00,11.9,15.9,370.0,21.4,5.5,40.0
2026-08-21 22:00:00,10.7,13.8,316.0,17.0,4.9,40.0
2026-08-21 23:00:00,9.0,11.3,267.0,13.3,4.4,40.0
2026-08-22 00:00:00,7.8,9.9,227.0,11.4,4.3,38.0
2026-08-22 01:00:00,7.2,9.1,191.0,10.2,4.2,36.0
2026-08-22 02:00:00,6.8,8.6,167.0,9.3,4.2,34.0
2026-08-22 03:00:00,6.4,8.1,158.0,8.4,4.1,33.0
2026-08-22 04:00:00,6.1,7.7,161.0,7.7,4.0,32.0
2026-08-22 05:00:00,4.8,5.9,178.0,7.1,4.1,33.0
2026-08-22 06:00:00,4.3,5.0,222.0,7.9,4.1,32.0
2026-08-22 07:00:00,4.4,4.8,280.0,9.0,4.1,32.0
2026-08-22 08:00:00,3.4,3.7,314.0,9.2,4.0,34.0
2026-08-22 09:00:00,3.1,3.3,299.0,7.7,3.6,42.0
2026-08-22 10:00:00,2.9,3.1,260.0,5.3,3.0,53.0
2026-08-22 11:00:00,2.6,3.0,231.0,3.5,2.5,62.0
2026-08-22 12:00:00,2.8,3.4,221.0,2.5,2.1,67.0
2026-08-22 13:00:00,3.1,4.2,220.0,2.2,1.8,69.0
2026-08-22 14:00:00,3.9,6.0,240.0,3.5,1.8,69.0
2026-08-22 15:00:00,4.6,7.1,297.0,7.5,2.1,64.0
2026-08-22 16:00:00,5.7,7.6,374.0,13.1,2.7,56.0
2026-08-22 17:00:00,9.5,12.6,427.0,22.4,3.4,42.0
2026-08-22 18:00:00,12.5,15.4,437.0,24.1,4.1,39.0
2026-08-22 19:00:00,13.5,16.6,424.0,26.3,5.1,34.0
2026-08-22 20:00:00,11.4,14.4,402.0,26.6,5.6,31.0
2026-08-22 21:00:00,9.7,12.4,375.0,23.3,5.3,31.0
2026-08-22 22:00:00,8.6,11.3,339.0,18.2,4.7,32.0
2026-08-22 23:00:00,7.3,9.7,298.0,13.9,4.1,33.0
2026-08-23 00:00:00,6.5,8.8,246.0,11.6,3.9,33.0
2026-08-23 01:00:00,6.0,8.1,190.0,10.2,3.7,32.0
2026-08-23 02:00:00,5.5,7.6,150.0,9.0,3.6,31.0
2026-08-23 03:00:00,5.2,7.3,136.0,7.8,3.5,31.0
2026-08-23 04:00:00,4.7,6.8,138.0,6.8,3.3,32.0
2026-08-23 05:00:00,4.3,6.2,151.0,6.2,3.3,33.0
2026-08-23 06:00:00,4.4,5.8,184.0,6.8,3.5,32.0
2026-08-23 07:00:00,4.1,5.6,227.0,7.6,3.8,31.0
2026-08-23 08:00:00,4.5,5.8,251.0,7.6,3.9,33.0
2026-08-23 09:00:00,4.4,6.3,235.0,6.2,3.6,41.0
2026-08-23 10:00:00,4.6,7.1,198.0,4.0,3.0,51.0
2026-08-23 11:00:00,4.4,7.2,173.0,2.4,2.6,60.0
2026-08-23 12:00:00,4.3,7.3,165.0,1.6,2.3,66.0
2026-08-23 13:00:00,4.2,6.8,167.0,1.4,2.2,70.0
2026-08-23 14:00:00,4.3,7.0,193.0,2.2,2.2,70.0
2026-08-23 15:00:00,4.9,8.7,270.0,5.0,2.4,65.0
2026-08-23 16:00:00,6.2,10.1,370.0,8.8,2.8,56.0
2026-08-23 17:00:00,9.7,15.8,421.0,11.8,3.4,48.0
2026-08-23 18:00:00,9.6,13.8,376.0,13.1,3.9,44.0
2026-08-23 19:00:00,9.0,11.9,283.0,14.9,4.7,38.0
2026-08-23 20:00:00,8.8,11.3,210.0,15.7,5.1,34.0
2026-08-23 21:00:00,8.3,10.6,190.0,14.8,5.0,32.0
2026-08-23 22:00:00,7.4,9.5,190.0,12.9,4.7,31.0
2026-08-23 23:00:00,6.7,8.5,186.0,11.0,4.3,31.0
2026-08-24 00:00:00,5.8,7.7,166.0,9.3,4.0,31.0
2026-08-24 01:00:00,4.9,6.5,141.0,7.6,3.7,32.0
2026-08-24 02:00:00,4.2,5.6,124.0,6.3,3.5,32.0
2026-08-24 03:00:00,3.7,5.1,113.0,5.4,3.3,32.0
2026-08-24 04:00:00,3.3,4.5,109.0,4.9,3.3,32.0
2026-08-24 05:00:00,2.8,3.6,127.0,5.3,3.3,31.0
2026-08-24 06:00:00,3.1,3.9,191.0,6.2,3.5,30.0
2026-08-24 07:00:00,3.7,4.4,277.0,7.4,3.8,29.0
2026-08-24 08:00:00,3.3,4.1,327.0,7.8,3.8,31.0
2026-08-24 09:00:00,3.3,4.5,304.0,6.4,3.4,39.0
2026-08-24 10:00:00,3.8,6.5,245.0,4.1,2.8,50.0
2026-08-24 11:00:00,4.5,8.4,207.0,3.1,2.4,57.0
2026-08-24 12:00:00,5.3,10.8,209.0,4.2,2.6,57.0
2026-08-24 13:00:00,6.9,12.5,232.0,6.5,3.1,54.0
2026-08-24 14:00:00,7.7,12.5,277.0,9.3,3.4,50.0
2026-08-24 15:00:00,7.9,14.2,365.0,13.0,3.4,45.0
2026-08-24 16:00:00,8.7,15.6,475.0,17.2,3.2,40.0
2026-08-24 17:00:00,7.5,10.4,541.0,19.2,3.2,36.0
2026-08-24 18:00:00,8.6,10.7,527.0,20.4,3.9,33.0
2026-08-24 19:00:00,9.0,10.7,469.0,21.8,4.8,29.0
2026-08-24 20:00:00,8.0,9.3,411.0,21.9,5.4,26.0
2026-08-24 21:00:00,6.8,8.2,367.0,19.5,5.2,26.0
2026-08-24 22:00:00,5.8,6.9,324.0,15.8,4.7,28.0
2026-08-24 23:00:00,4.8,5.9,283.0,12.4,4.2,30.0
2026-08-25 00:00:00,3.9,5.1,243.0,9.9,3.8,31.0
2026-08-25 01:00:00,3.4,4.7,205.0,7.8,3.5,32.0
2026-08-25 02:00:00,3.0,4.1,178.0,6.4,3.4,33.0
2026-08-25 03:00:00,2.6,3.4,158.0,5.9,3.6,33.0
2026-08-25 04:00:00,2.4,2.9,149.0,6.1,3.9,32.0
2026-08-25 05:00:00,2.4,3.2,175.0,5.7,3.8,34.0
2026-08-25 06:00:00,2.9,3.6,276.0,7.2,4.1,32.0
2026-08-25 07:00:00,4.3,5.0,412.0,9.2,4.4,30.0
2026-08-25 08:00:00,4.1,4.8,487.0,9.9,4.5,31.0
2026-08-25 09:00:00,5.1,8.8,438.0,8.1,3.9,38.0
2026-08-25 10:00:00,4.8,8.6,328.0,5.0,3.0,49.0
2026-08-25 11:00:00,5.6,10.7,246.0,2.9,2.4,57.0
2026-08-25 12:00:00,4.6,8.6,223.0,2.7,2.2,59.0
2026-08-25 13:00:00,6.0,12.2,228.0,3.6,2.3,59.0
2026-08-25 14:00:00,4.8,8.1,253.0,4.7,2.4,58.0
2026-08-25 15:00:00,4.7,7.8,313.0,6.0,2.5,57.0
2026-08-25 16:00:00,5.0,8.0,394.0,7.7,2.6,55.0
2026-08-25 17:00:00,6.1,10.0,442.0,8.8,2.7,60.0
2026-08-25 18:00:00,6.9,9.9,428.0,10.7,3.3,54.0
2026-08-25 19:00:00,7.2,9.3,381.0,13.2,4.1,47.0
2026-08-25 20:00:00,6.4,7.8,338.0,14.8,4.6,40.0
2026-08-25 21:00:00,5.4,6.3,312.0,14.8,4.7,35.0
2026-08-25 22:00:00,4.9,5.5,289.0,13.8,4.5,32.0
2026-08-25 23:00:00,4.4,5.0,262.0,12.5,4.3,30.0
2026-08-26 00:00:00,3.7,4.5,223.0,10.8,4.1,30.0
2026-08-26 01:00:00,3.2,3.9,180.0,8.8,3.8,32.0
2026-08-26 02:00:00,2.8,3.7,152.0,7.2,3.6,33.0
2026-08-26 03:00:00,2.7,4.1,146.0,6.2,3.5,34.0
2026-08-26 04:00:00,3.2,5.7,155.0,5.6,3.4,35.0
2026-08-26 05:00:00,3.3,5.4,180.0,5.7,3.7,34.0
2026-08-26 06:00:00,4.7,8.3,238.0,6.8,3.8,34.0
2026-08-26 07:00:00,6.4,13.9,312.0,8.2,4.0,33.0
2026-08-26 08:00:00,8.7,20.7,354.0,8.7,4.0,36.0
2026-08-26 09:00:00,8.9,19.8,329.0,7.4,3.8,43.0
2026-08-26 10:00:00,12.0,29.9,272.0,5.3,3.5,53.0
2026-08-26 11:00:00,8.8,19.2,233.0,3.7,3.2,62.0
2026-08-26 12:00:00,8.0,16.8,229.0,3.0,2.8,68.0
2026-08-26 13:00:00,7.1,13.8,243.0,2.8,2.3,73.0
2026-08-26 14:00:00,8.6,20.4,275.0,3.8,2.2,75.0
2026-08-26 15:00:00,7.7,15.9,338.0,6.9,2.6,71.0
2026-08-26 16:00:00,8.4,13.3,419.0,11.1,3.3,65.0
2026-08-26 17:00:00,17.3,33.8,484.0,17.3,3.6,51.0
2026-08-26 18:00:00,16.3,26.9,527.0,18.9,4.2,48.0
2026-08-26 19:00:00,15.3,23.7,554.0,21.1,5.1,43.0
2026-08-26 20:00:00,14.2,21.4,542.0,21.7,5.6,40.0
2026-08-26 21:00:00,12.9,19.6,465.0,19.5,5.4,39.0
2026-08-26 22:00:00,10.8,16.5,350.0,15.8,4.8,40.0
2026-08-26 23:00:00,8.6,13.2,254.0,12.4,4.2,40.0
2026-08-27 00:00:00,6.9,11.1,200.0,9.9,3.8,40.0
2026-08-27 01:00:00,5.1,8.4,165.0,7.6,3.5,40.0
2026-08-27 02:00:00,4.3,7.2,144.0,6.1,3.3,40.0
2026-08-27 03:00:00,3.8,6.5,132.0,5.5,3.3,39.0
2026-08-27 04:00:00,3.4,5.8,133.0,5.5,3.4,37.0
2026-08-27 05:00:00,2.8,4.9,152.0,5.4,3.4,37.0
2026-08-27 06:00:00,3.9,6.7,208.0,6.1,3.5,37.0
2026-08-27 07:00:00,5.1,10.5,281.0,6.9,3.6,36.0
2026-08-27 08:00:00,6.8,16.8,324.0,7.3,3.6,38.0
2026-08-27 09:00:00,8.3,20.0,304.0,6.7,3.5,43.0
2026-08-27 10:00:00,9.1,23.1,253.0,5.6,3.3,49.0
2026-08-27 11:00:00,10.5,27.8,216.0,4.6,3.1,56.0
2026-08-27 12:00:00,12.3,32.0,204.0,3.6,2.8,64.0
2026-08-27 13:00:00,12.1,30.6,204.0,2.8,2.4,73.0
2026-08-27 14:00:00,11.1,26.9,228.0,3.2,2.2,78.0
2026-08-27 15:00:00,9.9,22.8,292.0,5.7,2.3,76.0
2026-08-27 16:00:00,9.3,18.8,379.0,9.3,2.6,69.0
2026-08-27 17:00:00,9.6,17.5,445.0,12.5,3.1,62.0
2026-08-27 18:00:00,11.5,18.2,476.0,15.0,3.8,56.0
2026-08-27 19:00:00,11.2,17.3,485.0,17.0,4.7,49.0
2026-08-27 20:00:00,10.0,15.2,472.0,17.9,5.2,44.0
2026-08-27 21:00:00,9.0,13.4,426.0,17.0,5.0,40.0
2026-08-27 22:00:00,7.9,12.0,357.0,15.0,4.5,38.0
2026-08-27 23:00:00,7.0,10.8,293.0,12.9,4.0,36.0
2026-08-28 00:00:00,6.1,9.9,238.0,10.9,3.7,35.0
2026-08-28 01:00:00,5.6,9.5,187.0,8.8,3.4,36.0
2026-08-28 02:00:00,5.3,9.3,153.0,7.2,3.3,36.0
2026-08-28 03:00:00,5.0,8.9,140.0,6.4,3.4,36.0
2026-08-28 04:00:00,4.7,8.3,144.0,6.1,3.5,35.0
2026-08-28 05:00:00,5.0,8.7,165.0,7.1,3.7,33.0
2026-08-28 06:00:00,5.1,8.2,221.0,7.5,3.7,33.0
2026-08-28 07:00:00,5.2,9.5,294.0,7.9,3.8,34.0
2026-08-28 08:00:00,6.4,13.7,334.0,7.8,3.7,37.0
2026-08-28 09:00:00,7.1,15.9,307.0,6.6,3.5,43.0
2026-08-28 10:00:00,7.8,18.3,247.0,4.8,3.2,52.0
2026-08-28 11:00:00,9.2,23.9,203.0,3.4,2.9,60.0
2026-08-28 12:00:00,9.3,25.0,187.0,2.2,2.5,68.0
2026-08-28 13:00:00,9.8,26.1,187.0,1.5,2.1,76.0
2026-08-28 14:00:00,9.5,24.8,219.0,2.7,2.0,78.0
2026-08-28 15:00:00,9.0,22.4,314.0,7.8,2.4,71.0
2026-08-28 16:00:00,9.1,19.0,441.0,14.9,3.1,59.0
2026-08-28 17:00:00,11.9,23.2,521.0,16.1,3.3,53.0
2026-08-28 18:00:00,11.6,21.2,513.0,17.4,4.0,50.0
2026-08-28 19:00:00,12.1,19.0,457.0,19.2,4.9,45.0
2026-08-28 20:00:00,11.0,16.5,400.0,19.8,5.4,41.0
2026-08-28 21:00:00,9.6,13.9,355.0,18.3,5.2,39.0
2026-08-28 22:00:00,8.3,11.6,309.0,15.7,4.6,37.0
2026-08-28 23:00:00,6.8,9.3,265.0,13.2,4.1,36.0
2026-08-29 00:00:00,5.4,7.6,223.0,11.0,3.8,35.0
2026-08-29 01:00:00,4.5,6.8,184.0,9.0,3.6,35.0
2026-08-29 02:00:00,4.1,6.8,157.0,7.5,3.4,35.0
2026-08-29 03:00:00,4.0,7.2,143.0,6.9,3.4,34.0
2026-08-29 04:00:00,4.0,8.1,140.0,6.8,3.5,33.0
2026-08-29 05:00:00,3.6,5.7,156.0,6.4,3.4,33.0
2026-08-29 06:00:00,4.4,7.5,209.0,7.3,3.5,32.0
2026-08-29 07:00:00,5.2,8.4,280.0,8.4,3.6,32.0
2026-08-29 08:00:00,5.2,8.4,320.0,8.6,3.6,34.0
2026-08-29 09:00:00,5.4,9.7,297.0,7.0,3.2,42.0
2026-08-29 10:00:00,5.7,12.0,243.0,4.5,2.7,52.0
2026-08-29 11:00:00,5.7,12.5,203.0,2.7,2.2,61.0
2026-08-29 12:00:00,6.0,13.1,186.0,1.9,1.9,67.0
2026-08-29 13:00:00,6.4,14.2,183.0,1.7,1.8,72.0
2026-08-29 14:00:00,7.4,17.5,216.0,2.5,1.8,74.0
2026-08-29 15:00:00,8.1,18.6,325.0,4.9,2.0,71.0
2026-08-29 16:00:00,8.5,16.5,471.0,8.3,2.3,64.0
2026-08-29 17:00:00,11.1,23.3,555.0,10.5,2.6,58.0
2026-08-29 18:00:00,11.5,21.4,518.0,11.9,3.1,54.0
2026-08-29 19:00:00,12.2,21.5,420.0,13.8,3.7,47.0
2026-08-29 20:00:00,12.3,21.1,339.0,15.0,4.1,42.0
2026-08-29 21:00:00,11.8,19.3,309.0,14.8,4.1,38.0
2026-08-29 22:00:00,10.9,16.9,296.0,13.8,3.8,36.0
2026-08-29 23:00:00,9.0,13.7,276.0,12.6,3.6,34.0
2026-08-30 00:00:00,7.5,11.4,232.0,11.0,3.4,33.0
2026-08-30 01:00:00,6.6,10.3,181.0,9.0,3.2,33.0
2026-08-30 02:00:00,6.0,9.4,146.0,7.6,3.1,33.0
2026-08-30 03:00:00,5.4,8.7,136.0,7.1,3.2,32.0
2026-08-30 04:00:00,5.0,7.9,142.0,7.2,3.3,30.0
2026-08-30 05:00:00,4.5,6.6,157.0,6.5,3.3,31.0
2026-08-30 06:00:00,4.8,6.9,187.0,6.3,3.4,32.0
2026-08-30 07:00:00,5.1,7.3,226.0,6.0,3.6,34.0
2026-08-30 08:00:00,5.0,7.8,246.0,5.4,3.6,38.0
2026-08-30 09:00:00,4.9,7.9,230.0,4.3,3.3,45.0
2026-08-30 10:00:00,4.9,7.9,196.0,3.0,2.7,54.0
2026-08-30 11:00:00,4.9,8.0,170.0,2.0,2.3,61.0
2026-08-30 12:00:00,4.9,8.3,162.0,1.4,2.0,66.0
2026-08-30 13:00:00,5.1,8.7,162.0,1.2,1.9,70.0
2026-08-30 14:00:00,4.9,8.0,170.0,2.0,1.9,70.0
2026-08-30 15:00:00,5.0,7.9,191.0,4.7,2.2,64.0
2026-08-30 16:00:00,4.8,7.5,220.0,8.3,2.6,55.0
2026-08-30 17:00:00,7.7,11.8,242.0,9.8,2.7,50.0
2026-08-30 18:00:00,8.1,10.9,251.0,11.0,3.4,46.0
2026-08-30 19:00:00,8.7,11.1,254.0,12.5,4.3,41.0
2026-08-30 20:00:00,8.8,11.1,251.0,13.1,4.8,37.0
2026-08-30 21:00:00,8.0,10.2,244.0,12.0,4.6,35.0
2026-08-30 22:00:00,7.1,9.1,231.0,9.9,4.0,35.0
2026-08-30 23:00:00,5.6,7.1,214.0,8.1,3.5,35.0
2026-08-31 00:00:00,4.7,6.0,188.0,6.9,3.2,35.0
2026-08-31 01:00:00,4.1,5.4,157.0,5.9,3.0,34.0
2026-08-31 02:00:00,4.0,5.5,136.0,5.2,2.9,34.0
2026-08-31 03:00:00,3.5,4.8,127.0,4.7,2.9,34.0
2026-08-31 04:00:00,3.1,4.2,127.0,4.4,3.0,34.0
2026-08-31 05:00:00,2.5,3.2,143.0,4.2,2.9,35.0
2026-08-31 06:00:00,3.4,4.3,191.0,5.3,3.1,34.0
2026-08-31 07:00:00,4.2,5.5,255.0,6.8,3.4,34.0
2026-08-31 08:00:00,4.4,6.5,291.0,7.4,3.5,36.0
2026-08-31 09:00:00,4.4,6.4,272.0,6.4,3.3,42.0
2026-08-31 10:00:00,4.4,6.8,225.0,4.6,2.9,51.0
2026-08-31 11:00:00,4.6,7.3,192.0,3.2,2.6,58.0
2026-08-31 12:00:00,4.4,6.9,185.0,2.2,2.3,64.0
2026-08-31 13:00:00,4.0,6.3,191.0,1.7,2.1,70.0
2026-08-31 14:00:00,3.9,6.0,210.0,2.9,2.1,71.0
2026-08-31 15:00:00,4.3,7.0,248.0,7.2,2.4,65.0
2026-08-31 16:00:00,4.3,6.4,300.0,13.2,3.0,55.0
2026-08-31 17:00:00,7.2,11.1,351.0,10.4,2.8,60.0
2026-08-31 18:00:00,9.0,12.1,406.0,16.6,4.2,51.0
2026-08-31 19:00:00,11.6,14.8,461.0,25.0,6.1,37.0
2026-08-31 20:00:00,13.5,16.6,488.0,30.2,7.4,28.0
2026-08-31 21:00:00,14.5,17.5,473.0,29.6,7.5,26.0
2026-08-31 22:00:00,14.0,16.9,431.0,25.9,7.0,27.0
2026-08-31 23:00:00,11.9,14.8,380.0,21.8,6.3,28.0
2026-09-01 00:00:00,9.2,11.7,315.0,17.6,5.6,29.0
2026-09-01 01:00:00,7.3,9.2,242.0,12.9,4.7,31.0
2026-09-01 02:00:00,6.3,7.8,190.0,9.7,4.2,31.0
2026-09-01 03:00:00,5.6,6.8,172.0,9.0,4.2,29.0
2026-09-01 04:00:00,5.2,6.3,176.0,9.7,4.6,26.0
2026-09-01 05:00:00,4.4,5.3,198.0,9.2,4.6,27.0
2026-09-01 06:00:00,5.4,6.2,255.0,9.2,4.7,27.0
2026-09-01 07:00:00,5.2,6.1,330.0,9.0,4.7,28.0
2026-09-01 08:00:00,4.9,6.1,368.0,8.4,4.6,31.0
2026-09-01 09:00:00,4.7,6.4,331.0,6.8,4.1,40.0
2026-09-01 10:00:00,5.0,7.5,257.0,4.7,3.5,52.0
2026-09-01 11:00:00,5.2,7.9,204.0,3.2,3.0,62.0
2026-09-01 12:00:00,5.1,7.9,192.0,2.4,2.7,69.0
2026-09-01 13:00:00,4.9,7.5,202.0,2.1,2.5,74.0
2026-09-01 14:00:00,4.8,7.1,236.0,3.0,2.5,75.0
2026-09-01 15:00:00,4.6,6.7,308.0,5.7,2.6,71.0
2026-09-01 16:00:00,4.6,6.3,403.0,9.7,2.9,62.0
2026-09-01 17:00:00,4.2,4.6,486.0,14.7,3.4,54.0
2026-09-01 18:00:00,7.9,8.1,551.0,20.5,4.6,44.0
2026-09-01 19:00:00,9.3,9.5,603.0,28.4,6.3,31.0
2026-09-01 20:00:00,10.0,10.3,617.0,33.3,7.5,22.0
2026-09-01 21:00:00,10.5,10.9,571.0,32.8,7.6,20.0
2026-09-01 22:00:00,10.2,10.8,486.0,29.3,7.2,23.0
2026-09-01 23:00:00,9.4,10.2,402.0,25.5,6.7,25.0
2026-09-02 00:00:00,8.3,9.2,324.0,22.0,6.2,26.0
2026-09-02 01:00:00,7.5,8.5,246.0,18.1,5.5,28.0
2026-09-02 02:00:00,7.0,8.0,193.0,15.1,5.1,28.0
2026-09-02 03:00:00,6.5,7.6,174.0,13.5,5.0,27.0
2026-09-02 04:00:00,6.2,7.3,179.0,12.7,5.1,25.0
2026-09-02 05:00:00,5.7,6.7,200.0,11.3,5.1,26.0
2026-09-02 06:00:00,6.6,7.7,252.0,10.8,5.2,26.0
2026-09-02 07:00:00,6.8,8.3,321.0,10.1,5.3,28.0
2026-09-02 08:00:00,6.7,9.2,357.0,9.0,5.2,32.0
2026-09-02 09:00:00,7.0,10.9,328.0,7.1,4.5,43.0
2026-09-02 10:00:00,7.3,13.0,265.0,4.8,3.6,57.0
2026-09-02 11:00:00,7.6,14.3,219.0,3.2,2.9,68.0
2026-09-02 12:00:00,7.6,14.2,204.0,2.1,2.5,75.0
2026-09-02 13:00:00,7.3,13.6,205.0,1.7,2.3,80.0
2026-09-02 14:00:00,7.0,13.0,224.0,3.0,2.3,80.0
2026-09-02 15:00:00,6.9,12.4,267.0,7.1,2.6,74.0
2026-09-02 16:00:00,6.8,11.1,328.0,13.0,3.1,64.0
2026-09-02 17:00:00,9.7,16.6,391.0,15.2,3.1,57.0
2026-09-02 18:00:00,12.7,16.9,461.0,20.1,4.3,48.0
2026-09-02 19:00:00,12.0,15.2,532.0,26.8,5.9,35.0
2026-09-02 20:00:00,12.3,15.3,574.0,30.7,7.0,26.0
2026-09-02 21:00:00,12.0,15.1,573.0,29.4,7.0,23.0
2026-09-02 22:00:00,11.8,14.8,543.0,25.4,6.5,24.0
2026-09-02 23:00:00,10.5,13.4,492.0,21.2,5.9,25.0
2026-09-03 00:00:00,9.1,12.0,407.0,17.4,5.4,25.0
2026-09-03 01:00:00,8.1,11.0,301.0,13.6,4.8,25.0
2026-09-03 02:00:00,7.4,10.2,223.0,10.9,4.5,25.0
2026-09-03 03:00:00,6.9,9.7,189.0,10.4,4.6,23.0
2026-09-03 04:00:00,6.8,9.5,184.0,11.0,5.0,20.0
2026-09-03 05:00:00,6.3,8.8,202.0,10.0,4.9,21.0
2026-09-03 06:00:00,8.0,10.7,266.0,10.0,5.4,22.0
2026-09-03 07:00:00,7.9,11.0,355.0,10.0,6.0,24.0
2026-09-03 08:00:00,8.5,11.9,401.0,9.4,6.2,29.0
2026-09-03 09:00:00,8.5,13.6,360.0,7.6,5.4,39.0
2026-09-03 10:00:00,8.6,16.0,275.0,5.3,4.1,51.0
2026-09-03 11:00:00,8.7,16.9,212.0,3.6,3.1,61.0
2026-09-03 12:00:00,9.4,18.2,189.0,2.3,2.6,68.0
2026-09-03 13:00:00,7.8,15.0,188.0,1.7,2.5,72.0
2026-09-03 14:00:00,7.3,13.4,217.0,3.5,2.5,71.0
2026-09-03 15:00:00,6.9,12.1,293.0,9.7,2.7,62.0
2026-09-03 16:00:00,6.5,11.6,399.0,18.4,3.1,48.0
2026-09-03 17:00:00,10.2,14.3,491.0,22.6,3.4,44.0
2026-09-03 18:00:00,11.7,14.7,565.0,27.2,4.6,37.0
2026-09-03 19:00:00,13.5,16.2,625.0,33.3,6.3,28.0
2026-09-03 20:00:00,14.1,16.9,635.0,36.7,7.5,21.0
2026-09-03 21:00:00,14.1,16.9,560.0,35.2,7.6,20.0
2026-09-03 22:00:00,13.4,16.3,436.0,31.0,7.2,22.0
2026-09-03 23:00:00,12.1,14.8,329.0,26.6,6.7,24.0
2026-09-04 00:00:00,10.3,13.0,262.0,22.3,6.1,25.0
2026-09-04 01:00:00,9.1,11.6,214.0,17.8,5.5,27.0
2026-09-04 02:00:00,8.4,10.7,184.0,14.5,5.1,27.0
2026-09-04 03:00:00,7.9,10.3,175.0,13.6,5.2,25.0
2026-09-04 04:00:00,7.9,10.3,186.0,13.9,5.6,22.0
2026-09-04 05:00:00,6.1,7.9,210.0,10.1,5.0,24.0
2026-09-04 06:00:00,7.5,9.2,261.0,10.2,5.1,25.0
2026-09-04 07:00:00,7.4,9.2,325.0,10.2,5.3,26.0
2026-09-04 08:00:00,6.7,9.0,358.0,9.6,5.2,30.0
2026-09-04 09:00:00,6.4,8.9,329.0,7.7,4.6,40.0
2026-09-04 10:00:00,6.1,9.3,268.0,5.2,3.8,53.0
2026-09-04 11:00:00,5.8,9.3,222.0,3.4,3.1,64.0
2026-09-04 12:00:00,5.5,8.8,207.0,2.6,2.8,72.0
2026-09-04 13:00:00,5.3,8.2,208.0,2.4,2.6,77.0
2026-09-04 14:00:00,5.0,7.7,222.0,3.3,2.6,79.0
2026-09-04 15:00:00,4.8,7.2,238.0,5.0,2.6,76.0
2026-09-04 16:00:00,4.7,7.0,268.0,7.8,2.8,68.0
2026-09-04 17:00:00,8.2,10.5,347.0,21.6,3.6,43.0
2026-09-04 18:00:00,14.5,16.4,535.0,26.1,4.6,36.0
2026-09-04 19:00:00,16.5,18.2,772.0,32.3,6.0,26.0
2026-09-04 20:00:00,12.5,13.9,911.0,36.3,7.1,18.0
2026-09-04 21:00:00,13.4,14.7,870.0,36.4,7.5,15.0
2026-09-04 22:00:00,13.6,14.9,730.0,34.4,7.5,15.0
2026-09-04 23:00:00,12.0,13.3,588.0,31.6,7.4,16.0
2026-09-05 00:00:00,10.5,11.7,462.0,28.0,7.0,17.0
2026-09-05 01:00:00,9.8,11.2,335.0,23.7,6.4,19.0
2026-09-05 02:00:00,10.0,11.5,249.0,20.3,6.0,20.0
2026-09-05 03:00:00,10.1,11.8,227.0,18.9,6.2,19.0
2026-09-05 04:00:00,9.8,11.8,246.0,18.4,6.6,17.0
2026-09-05 05:00:00,10.5,12.9,280.0,18.0,7.0,21.0
2026-09-05 06:00:00,12.3,15.0,341.0,15.9,6.7,25.0
2026-09-05 07:00:00,11.9,15.1,417.0,12.9,6.3,32.0
2026-09-05 08:00:00,9.1,13.4,449.0,10.0,5.7,40.0
2026-09-05 09:00:00,8.8,13.9,393.0,7.4,4.9,52.0
2026-09-05 10:00:00,8.9,15.3,293.0,5.0,4.0,67.0
2026-09-05 11:00:00,8.9,15.9,219.0,3.3,3.3,78.0
2026-09-05 12:00:00,8.6,15.7,200.0,2.4,2.8,84.0
2026-09-05 13:00:00,8.0,14.6,206.0,2.3,2.5,87.0
2026-09-05 14:00:00,7.6,13.5,224.0,2.9,2.3,87.0
2026-09-05 15:00:00,7.2,12.7,233.0,3.6,2.2,86.0
2026-09-05 16:00:00,7.3,12.6,253.0,5.1,2.2,82.0
2026-09-05 17:00:00,5.1,6.2,326.0,12.7,2.9,69.0
2026-09-05 18:00:00,9.3,10.5,530.0,23.5,4.6,53.0
2026-09-05 19:00:00,14.1,15.4,787.0,38.1,7.0,30.0
2026-09-05 20:00:00,15.4,16.9,908.0,46.9,8.5,15.0
2026-09-05 21:00:00,15.5,17.3,763.0,44.5,8.4,13.0
2026-09-05 22:00:00,14.3,16.2,482.0,36.2,7.5,19.0
2026-09-05 23:00:00,12.2,14.3,263.0,28.5,6.6,24.0
2026-09-06 00:00:00,10.5,12.9,191.0,23.1,6.0,27.0
2026-09-06 01:00:00,9.9,12.6,181.0,18.2,5.4,30.0
2026-09-06 02:00:00,10.1,13.3,180.0,15.0,5.2,31.0
2026-09-06 03:00:00,10.9,14.5,169.0,14.8,5.6,28.0
2026-09-06 04:00:00,11.5,15.4,168.0,16.2,6.3,24.0
2026-09-06 05:00:00,15.4,21.7,179.0,16.8,6.6,21.0
2026-09-06 06:00:00,15.1,21.2,215.0,13.8,6.3,27.0
2026-09-06 07:00:00,13.2,21.1,264.0,9.7,5.8,36.0
2026-09-06 08:00:00,12.9,24.5,289.0,6.3,5.2,46.0
2026-09-06 09:00:00,15.1,31.0,266.0,4.3,4.5,58.0
2026-09-06 10:00:00,14.2,30.3,218.0,3.0,3.7,71.0
2026-09-06 11:00:00,13.3,28.6,183.0,2.2,3.1,81.0
2026-09-06 12:00:00,12.4,26.8,173.0,1.7,2.7,85.0
2026-09-06 13:00:00,12.4,26.7,175.0,1.7,2.4,85.0
2026-09-06 14:00:00,12.4,26.7,183.0,2.1,2.3,84.0
2026-09-06 15:00:00,12.4,26.4,185.0,2.8,2.2,82.0
2026-09-06 16:00:00,12.7,26.5,193.0,3.9,2.2,78.0
2026-09-06 17:00:00,14.9,30.4,240.0,6.3,2.7,72.0
2026-09-06 18:00:00,18.4,30.6,375.0,14.2,4.5,59.0
2026-09-06 19:00:00,22.4,34.2,549.0,24.8,6.9,41.0
2026-09-06 20:00:00,22.7,33.6,640.0,31.1,8.4,29.0
2026-09-06 21:00:00,20.9,30.4,572.0,29.1,8.2,29.0
2026-09-06 22:00:00,18.6,26.2,421.0,22.8,7.1,35.0
2026-09-06 23:00:00,15.7,21.2,296.0,17.1,6.1,39.0
2026-09-07 00:00:00,12.9,17.0,238.0,13.6,5.3,39.0
2026-09-07 01:00:00,11.1,14.4,206.0,10.8,4.6,38.0
2026-09-07 02:00:00,9.4,12.1,188.0,8.8,4.1,36.0
2026-09-07 03:00:00,8.3,10.8,178.0,8.0,4.1,33.0
2026-09-07 04:00:00,7.7,10.1,182.0,8.1,4.3,29.0
2026-09-07 05:00:00,7.1,10.0,200.0,7.2,4.4,28.0
2026-09-07 06:00:00,8.4,12.0,246.0,8.1,5.0,29.0
2026-09-07 07:00:00,9.8,15.2,306.0,9.1,5.9,31.0
2026-09-07 08:00:00,10.9,20.5,337.0,9.3,6.2,36.0
2026-09-07 09:00:00,12.5,26.3,309.0,7.6,5.6,48.0
2026-09-07 10:00:00,13.6,30.2,252.0,5.0,4.4,63.0
2026-09-07 11:00:00,14.3,32.4,209.0,3.1,3.5,76.0
2026-09-07 12:00:00,14.7,32.8,196.0,2.2,3.0,83.0
2026-09-07 13:00:00,14.5,31.7,197.0,2.0,2.6,87.0
2026-09-07 14:00:00,13.9,29.3,210.0,2.7,2.4,89.0
2026-09-07 15:00:00,13.2,27.1,233.0,4.2,2.3,88.0
2026-09-07 16:00:00,13.0,25.7,268.0,6.6,2.5,84.0
2026-09-07 17:00:00,12.3,22.4,315.0,10.5,3.0,75.0
2026-09-07 18:00:00,17.3,26.2,397.0,18.7,4.6,63.0
2026-09-07 19:00:00,20.7,29.0,492.0,29.7,6.8,46.0
2026-09-07 20:00:00,20.4,28.1,533.0,36.0,8.2,35.0
2026-09-07 21:00:00,18.6,25.4,474.0,33.1,8.0,35.0
2026-09-07 22:00:00,17.1,23.1,362.0,25.4,6.9,40.0
2026-09-07 23:00:00,15.5,21.4,268.0,18.7,6.0,43.0
2026-09-08 00:00:00,14.0,20.0,219.0,15.1,5.4,42.0
2026-09-08 01:00:00,12.3,18.2,188.0,12.5,4.9,39.0
2026-09-08 02:00:00,11.4,17.6,172.0,10.7,4.6,36.0
2026-09-08 03:00:00,11.0,17.9,167.0,10.0,4.7,33.0
2026-09-08 04:00:00,10.9,18.7,176.0,10.2,5.0,29.0
2026-09-08 05:00:00,11.1,19.9,202.0,10.3,5.2,28.0
2026-09-08 06:00:00,12.3,22.2,265.0,10.1,5.4,29.0
2026-09-08 07:00:00,13.9,27.3,346.0,9.7,5.5,32.0
2026-09-08 08:00:00,14.1,29.8,386.0,8.9,5.4,38.0
2026-09-08 09:00:00,14.4,30.9,346.0,7.0,4.8,50.0
2026-09-08 10:00:00,14.8,32.2,264.0,4.7,3.9,64.0
2026-09-08 11:00:00,15.1,33.8,205.0,3.0,3.2,76.0
2026-09-08 12:00:00,15.0,32.8,192.0,2.2,2.7,83.0
2026-09-08 13:00:00,14.2,29.2,201.0,2.0,2.4,86.0
2026-09-08 14:00:00,13.3,26.3,218.0,3.0,2.3,86.0
2026-09-08 15:00:00,11.4,20.8,245.0,5.8,2.4,82.0
2026-09-08 16:00:00,9.7,16.7,281.0,9.7,2.7,74.0
2026-09-08 17:00:00,9.3,13.8,310.0,13.4,3.2,66.0
2026-09-08 18:00:00,10.7,14.1,324.0,16.6,4.1,57.0
2026-09-08 19:00:00,10.2,13.5,331.0,19.6,5.2,47.0
2026-09-08 20:00:00,10.8,14.4,337.0,21.6,6.1,39.0
2026-09-08 21:00:00,11.8,15.5,350.0,22.5,6.5,35.0
2026-09-08 22:00:00,12.2,16.1,361.0,22.6,6.6,33.0
2026-09-08 23:00:00,11.2,14.8,353.0,21.5,6.5,32.0
2026-09-09 00:00:00,9.6,13.0,307.0,18.6,6.0,33.0
2026-09-09 01:00:00,8.6,11.8,241.0,14.7,5.3,34.0
2026-09-09 02:00:00,7.9,11.3,195.0,11.7,4.8,35.0
2026-09-09 03:00:00,7.7,11.4,181.0,10.6,4.8,34.0
2026-09-09 04:00:00,7.7,11.8,187.0,10.4,5.0,32.0
2026-09-09 05:00:00,7.9,12.6,210.0,10.2,5.1,31.0
2026-09-09 06:00:00,9.1,14.1,268.0,9.8,5.1,31.0
2026-09-09 07:00:00,9.1,15.5,344.0,9.3,5.0,33.0
2026-09-09 08:00:00,8.7,15.6,382.0,8.4,4.8,37.0
2026-09-09 09:00:00,8.8,17.1,343.0,6.7,4.2,46.0
2026-09-09 10:00:00,8.9,18.7,266.0,4.5,3.5,59.0
2026-09-09 11:00:00,9.5,20.8,210.0,3.0,2.9,69.0
2026-09-09 12:00:00,9.7,21.5,200.0,2.3,2.6,75.0
2026-09-09 13:00:00,9.7,21.1,211.0,2.3,2.5,80.0
2026-09-09 14:00:00,9.5,20.7,231.0,3.0,2.5,81.0
2026-09-09 15:00:00,9.3,19.6,242.0,4.2,2.5,79.0
2026-09-09 16:00:00,9.1,18.3,261.0,6.1,2.5,74.0
2026-09-09 17:00:00,8.5,15.4,328.0,9.9,3.0,67.0
2026-09-09 18:00:00,11.9,16.3,510.0,17.8,4.3,55.0
2026-09-09 19:00:00,14.3,17.6,739.0,27.6,6.1,40.0
2026-09-09 20:00:00,12.9,15.4,852.0,33.6,7.3,30.0
2026-09-09 21:00:00,10.8,12.7,742.0,32.8,7.4,29.0
2026-09-09 22:00:00,11.2,13.0,515.0,28.3,6.9,33.0
2026-09-09 23:00:00,10.8,12.6,332.0,23.7,6.4,36.0
2026-09-10 00:00:00,9.4,10.9,253.0,20.0,5.9,37.0
2026-09-10 01:00:00,8.4,9.6,216.0,16.2,5.4,38.0
2026-09-10 02:00:00,7.6,8.8,198.0,13.2,5.0,38.0
2026-09-10 03:00:00,6.9,8.1,194.0,11.6,4.9,36.0
2026-09-10 04:00:00,6.3,7.8,207.0,10.8,5.0,33.0
2026-09-10 05:00:00,6.2,8.0,230.0,10.2,5.0,31.0
2026-09-10 06:00:00,7.2,9.7,269.0,9.9,5.0,30.0
2026-09-10 07:00:00,7.6,12.4,316.0,9.8,5.0,30.0
2026-09-10 08:00:00,8.0,15.3,339.0,9.2,4.9,36.0
2026-09-10 09:00:00,8.6,16.5,315.0,7.3,4.5,51.0
2026-09-10 10:00:00,8.9,16.2,267.0,4.9,4.0,71.0
2026-09-10 11:00:00,8.2,14.2,231.0,3.3,3.6,87.0
2026-09-10 12:00:00,7.2,11.6,220.0,2.2,3.3,97.0
2026-09-10 13:00:00,7.1,10.7,222.0,1.8,3.2,103.0
2026-09-10 14:00:00,7.2,10.5,234.0,4.3,3.4,103.0
2026-09-10 15:00:00,11.3,15.8,249.0,12.2,4.3,93.0
2026-09-10 16:00:00,10.4,13.6,274.0,23.0,5.6,77.0
2026-09-10 17:00:00,16.1,18.7,331.0,30.8,6.7,64.0
2026-09-10 18:00:00,21.2,23.9,442.0,32.8,7.3,60.0
2026-09-10 19:00:00,28.3,31.3,584.0,31.9,7.7,61.0
2026-09-10 20:00:00,16.8,19.8,708.0,31.0,8.0,59.0
2026-09-10 21:00:00,15.3,18.0,826.0,31.8,8.3,52.0
2026-09-10 22:00:00,16.7,19.7,926.0,32.6,8.4,44.0
2026-09-10 23:00:00,15.8,18.7,929.0,31.8,8.4,38.0
2026-09-11 00:00:00,13.4,16.5,748.0,27.8,8.1,37.0
2026-09-11 01:00:00,12.0,15.4,469.0,22.1,7.6,39.0
2026-09-11 02:00:00,10.7,13.4,269.0,17.4,7.1,40.0
2026-09-11 03:00:00,10.1,12.2,234.0,14.7,6.6,38.0
2026-09-11 04:00:00,10.3,12.2,278.0,13.0,6.1,34.0
2026-09-11 05:00:00,10.4,12.1,324.0,11.9,5.7,33.0
2026-09-11 06:00:00,10.1,11.8,354.0,11.6,5.4,34.0
2026-09-11 07:00:00,8.3,11.9,386.0,11.9,5.1,36.0
2026-09-11 08:00:00,8.5,12.5,394.0,11.3,5.1,45.0
2026-09-11 09:00:00,9.4,15.1,355.0,8.9,5.5,66.0
2026-09-11 10:00:00,11.2,18.6,292.0,5.7,6.1,92.0
2026-09-11 11:00:00,12.2,20.3,245.0,3.4,6.4,113.0
2026-09-11 12:00:00,12.6,20.9,227.0,2.5,5.9,123.0
2026-09-11 13:00:00,13.0,21.8,225.0,2.6,5.1,126.0
2026-09-11 14:00:00,13.2,22.4,237.0,3.6,4.4,126.0
2026-09-11 15:00:00,13.4,22.7,249.0,4.6,3.9,123.0
2026-09-11 16:00:00,13.9,23.3,275.0,6.6,3.7,116.0
2026-09-11 17:00:00,15.2,24.3,351.0,12.5,4.2,104.0
2026-09-11 18:00:00,21.6,29.0,524.0,27.7,6.4,80.0
2026-09-11 19:00:00,27.8,35.6,747.0,46.8,9.3,50.0
2026-09-11 20:00:00,27.6,35.0,921.0,57.1,11.0,30.0
2026-09-11 21:00:00,23.9,30.7,1031.0,50.6,10.2,30.0
2026-09-11 22:00:00,20.3,26.4,1092.0,35.2,8.1,41.0
2026-09-11 23:00:00,16.1,21.7,1050.0,22.4,6.4,49.0
2026-09-12 00:00:00,13.4,18.6,824.0,16.3,5.5,50.0
2026-09-12 01:00:00,12.0,16.8,495.0,12.7,4.9,48.0
2026-09-12 02:00:00,10.7,14.9,250.0,10.5,4.6,45.0
2026-09-12 03:00:00,9.8,13.6,177.0,9.7,4.7,40.0
2026-09-12 04:00:00,9.3,12.7,189.0,10.2,5.0,34.0
2026-09-12 05:00:00,9.2,12.6,207.0,10.7,5.3,31.0
2026-09-12 06:00:00,10.3,13.9,212.0,10.9,5.6,31.0
2026-09-12 07:00:00,10.9,15.8,233.8,11.0,5.8,33.0
2026-09-12 08:00:00,10.7,19.0,253.0,10.4,5.7,40.0
2026-09-12 09:00:00,11.4,22.6,235.0,8.3,5.0,56.0
2026-09-12 10:00:00,12.8,27.0,203.0,5.5,4.1,77.0
2026-09-12 11:00:00,14.3,30.9,178.0,3.4,3.3,94.0
2026-09-12 12:00:00,15.1,32.4,166.0,2.3,2.9,103.0
2026-09-12 13:00:00,15.4,32.6,160.0,2.0,2.6,108.0
2026-09-12 14:00:00,15.4,32.7,166.0,3.0,2.5,108.0
2026-09-12 15:00:00,15.5,32.8,191.0,6.4,2.6,101.0
2026-09-12 16:00:00,15.8,33.2,228.0,11.1,2.8,90.0
2026-09-12 17:00:00,17.1,32.8,255.0,14.5,3.0,81.0
2026-09-12 18:00:00,17.1,32.8,255.0,14.5,3.0,81.0
2026-09-12 19:00:00,17.1,32.8,255.0,14.5,3.0,81.0
2026-09-12 20:00:00,17.1,32.8,255.0,14.5,3.0,81.0
2026-09-12 21:00:00,17.1,32.8,255.0,14.5,3.0,81.0
2026-09-12 22:00:00,17.1,32.8,255.0,14.5,3.0,81.0
2026-09-12 23:00:00,17.1,32.8,255.0,14.5,3.0,81.0
